{"args": {"use_cuda": true, "train_batch_size": 256, "test_batch_size": 128, "lr": 0.001, "gamma": 0.2, "start_epoch": 1, "num_epochs": 50, "init_type": null, "pooling_type": "max", "dropout_type": "spatial", "dropout_p": 0.5, "patience": 10, "tolerance": -0.0001, "do_train": true, "load_model": false, "model_name": "dropout_spatial_all", "save_checkpoints": true, "save_model": true}, "metrics": {"train_time": 209.05398106575012, "train_loss": [1.758375771799866, 1.4132195419194746, 1.292129397392273, 1.2043527833053045, 1.1595157612951434, 1.1159465358573564, 1.0762136237961906, 1.0558167425345402, 1.0310983694329554, 1.0146765493008556, 0.936200565829569, 0.9229572089959164, 0.9137507512861368, 0.9024765981095177, 0.8992363615911834, 0.8898161914275617, 0.8874927832155811, 0.8745755002814897, 0.8711496631101686, 0.8695287196611872, 0.8546707015864703, 0.8494616369811856, 0.8462451209827345, 0.8475005657089, 0.8463049442792425, 0.8423525785305062, 0.8423110006415114, 0.8438365927764347, 0.8384611944154817, 0.8331629208156041, 0.8358352013996669, 0.8343785243983172, 0.8335387360076515, 0.8311655366299103, 0.8335352032160273, 0.8331189213358626, 0.8318168414490563, 0.8320012986660004, 0.8321458499650566, 0.8297710114595841, 0.8330570164383674, 0.8330574941878416, 0.8347298350869393, 0.8325477066088696, 0.8311202951839992], "train_acc": [33.668, 48.462, 53.562, 57.246, 58.636, 60.514, 62.198, 63.008, 63.69, 64.39, 67.27, 67.554, 67.974, 68.436, 68.57, 68.752, 68.878, 69.316, 69.624, 69.622, 69.91, 70.116, 70.278, 70.358, 70.348, 70.364, 70.538, 70.47, 70.608, 71.02, 70.792, 70.814, 70.684, 70.974, 70.872, 70.786, 70.766, 70.826, 70.668, 70.926, 70.882, 70.858, 70.836, 70.85, 70.762], "test_acc": [45.61, 53.21, 57.1, 58.61, 61.99, 62.0, 64.9, 62.03, 66.88, 65.5, 68.62, 68.63, 69.51, 69.87, 68.61, 68.88, 69.46, 70.26, 69.64, 70.02, 70.43, 70.59, 70.82, 70.59, 70.39, 70.83, 70.25, 70.66, 70.92, 70.74, 70.74, 70.73, 70.7, 70.51, 70.76, 70.58, 71.0, 70.71, 70.9, 70.73, 70.69, 70.78, 70.69, 70.7, 70.77], "test_loss": [1.8415141392357741, 1.7313519701173035, 1.6260820702661443, 1.5025496407400203, 1.4385538704787628, 1.3607464847685415, 1.2693523983412152, 1.3170134930671016, 1.1902448980114129, 1.179509184028529, 1.1162388000307204, 1.1081649215915534, 1.0723259003856513, 1.0650395954711527, 1.0864681737332404, 1.0634946672222283, 1.0655362311797807, 1.0249257148066653, 1.044300204590906, 1.0327284622795974, 1.0252535826043239, 1.0205778796461564, 1.0179057709778412, 1.0173143005069298, 1.0204994859574716, 1.015477933461153, 1.0228468700300288, 1.0098429224159144, 1.0099407577816444, 1.0130092245114, 1.013085196289835, 1.0088232227518588, 1.0091479858265648, 1.0092692707158342, 1.0084571129159083, 1.0097408136235009, 1.005324791503858, 1.0073615048505082, 1.0034196701230882, 1.0070273091521444, 1.0067168059228342, 1.0061488558974447, 1.0071130025235913, 1.0070519085171856, 1.0063032719153393], "roc_auc": [{"0": 0.7127777777777778, "1": 0.6738333333333333, "2": 0.708388888888889, "3": 0.5858333333333333, "4": 0.6135555555555555, "5": 0.7244444444444444, "6": 0.6424444444444445, "7": 0.7297222222222222, "8": 0.8060555555555556, "9": 0.7812777777777777, "micro": 0.6978333333333333}, {"0": 0.8151111111111111, "1": 0.822, "2": 0.7248888888888889, "3": 0.6290555555555555, "4": 0.677, "5": 0.6834444444444445, "6": 0.7232777777777778, "7": 0.7889444444444443, "8": 0.831611111111111, "9": 0.7052222222222222, "micro": 0.7400555555555556}, {"0": 0.7791666666666667, "1": 0.8367777777777777, "2": 0.7208888888888888, "3": 0.7235, "4": 0.7647222222222222, "5": 0.6331111111111111, "6": 0.8188888888888889, "7": 0.7645555555555555, "8": 0.7799444444444444, "9": 0.795111111111111, "micro": 0.7616666666666666}, {"0": 0.7842777777777776, "1": 0.8388333333333333, "2": 0.6997777777777777, "3": 0.6565, "4": 0.8033333333333333, "5": 0.6533333333333333, "6": 0.837, "7": 0.7997777777777777, "8": 0.822388888888889, "9": 0.8053333333333333, "micro": 0.7700555555555556}, {"0": 0.8347777777777777, "1": 0.8672222222222222, "2": 0.7568333333333332, "3": 0.711, "4": 0.8149444444444445, "5": 0.6426666666666667, "6": 0.8327777777777777, "7": 0.7716111111111111, "8": 0.8636666666666666, "9": 0.7928333333333333, "micro": 0.7888333333333333}, {"0": 0.8032777777777778, "1": 0.8408888888888888, "2": 0.7739444444444444, "3": 0.7048333333333333, "4": 0.8209444444444444, "5": 0.6426666666666667, "6": 0.8173333333333334, "7": 0.7549444444444445, "8": 0.9037777777777778, "9": 0.8262777777777778, "micro": 0.788888888888889}, {"0": 0.8535555555555556, "1": 0.861, "2": 0.7695555555555555, "3": 0.714111111111111, "4": 0.8229444444444444, "5": 0.6393888888888889, "6": 0.8497222222222223, "7": 0.8105000000000001, "8": 0.8718333333333333, "9": 0.8573888888888888, "micro": 0.805}, {"0": 0.8065555555555556, "1": 0.7826666666666666, "2": 0.7729444444444444, "3": 0.6909444444444444, "4": 0.8163888888888888, "5": 0.6598888888888889, "6": 0.8800555555555556, "7": 0.7991111111111111, "8": 0.8720555555555557, "9": 0.8099444444444446, "micro": 0.7890555555555555}, {"0": 0.8507222222222222, "1": 0.8737222222222222, "2": 0.776111111111111, "3": 0.7307777777777777, "4": 0.8247777777777777, "5": 0.6433333333333333, "6": 0.8707777777777778, "7": 0.8303333333333334, "8": 0.9014444444444446, "9": 0.8579999999999999, "micro": 0.8160000000000001}, {"0": 0.8153888888888889, "1": 0.8061111111111111, "2": 0.7750555555555556, "3": 0.7340000000000001, "4": 0.8426111111111111, "5": 0.6914444444444445, "6": 0.8564444444444445, "7": 0.7953888888888888, "8": 0.9162777777777777, "9": 0.8506111111111111, "micro": 0.8083333333333333}, {"0": 0.8295555555555557, "1": 0.8640555555555556, "2": 0.778611111111111, "3": 0.7468333333333332, "4": 0.8607777777777778, "5": 0.7393333333333333, "6": 0.8598888888888889, "7": 0.8145, "8": 0.8980555555555556, "9": 0.8650555555555557, "micro": 0.8256666666666665}, {"0": 0.8283888888888888, "1": 0.8607777777777778, "2": 0.786611111111111, "3": 0.7400555555555556, "4": 0.8628888888888889, "5": 0.7290555555555556, "6": 0.8689444444444445, "7": 0.8099444444444445, "8": 0.9038333333333334, "9": 0.8667222222222223, "micro": 0.8257222222222224}, {"0": 0.8308333333333334, "1": 0.8755555555555556, "2": 0.7946111111111112, "3": 0.7296111111111111, "4": 0.8539444444444444, "5": 0.7280555555555556, "6": 0.8812777777777779, "7": 0.8212222222222222, "8": 0.9118888888888889, "9": 0.8791111111111112, "micro": 0.8306111111111111}, {"0": 0.850111111111111, "1": 0.8731111111111112, "2": 0.7818888888888889, "3": 0.7356111111111111, "4": 0.8623333333333333, "5": 0.7472777777777776, "6": 0.8681111111111111, "7": 0.8213333333333334, "8": 0.9058333333333334, "9": 0.8805, "micro": 0.8326111111111111}, {"0": 0.8378333333333333, "1": 0.8751111111111111, "2": 0.7945555555555556, "3": 0.7267777777777779, "4": 0.8684444444444444, "5": 0.7007222222222221, "6": 0.8737222222222223, "7": 0.8155555555555556, "8": 0.9185555555555556, "9": 0.8448333333333332, "micro": 0.8256111111111112}, {"0": 0.8466111111111111, "1": 0.8703333333333333, "2": 0.7641111111111112, "3": 0.7445555555555556, "4": 0.8728888888888888, "5": 0.6989444444444445, "6": 0.8770555555555556, "7": 0.8137777777777777, "8": 0.9029999999999999, "9": 0.8798333333333335, "micro": 0.8271111111111111}, {"0": 0.8352777777777777, "1": 0.8628888888888889, "2": 0.7991666666666667, "3": 0.7597222222222222, "4": 0.8639444444444444, "5": 0.7297222222222222, "6": 0.8607777777777778, "7": 0.8169444444444445, "8": 0.9135, "9": 0.8613888888888888, "micro": 0.8303333333333333}, {"0": 0.868, "1": 0.8855, "2": 0.7759999999999999, "3": 0.7640000000000001, "4": 0.8631111111111112, "5": 0.7059444444444445, "6": 0.8603333333333333, "7": 0.8383888888888889, "8": 0.9184999999999999, "9": 0.8680000000000001, "micro": 0.8347777777777777}, {"0": 0.8335555555555556, "1": 0.8831666666666667, "2": 0.7753333333333332, "3": 0.7432222222222221, "4": 0.8673333333333333, "5": 0.7194444444444446,