{"args": {"use_cuda": true, "train_batch_size": 256, "test_batch_size": 128, "lr": 0.001, "gamma": 0.2, "start_epoch": 1, "num_epochs": 50, "init_type": null, "pooling_type": "max", "dropout_type": "channel", "dropout_p": 0.5, "patience": 10, "tolerance": -0.0001, "do_train": true, "load_model": false, "model_name": "dropout_channel_all", "save_checkpoints": true, "save_model": true}, "metrics": {"train_time": 215.71120357513428, "train_loss": [2.0474852901332232, 1.7952926706294625, 1.6726393809123916, 1.5938308068684168, 1.5445703158573227, 1.5045603118380722, 1.4646838800031312, 1.440941226117465, 1.422079362431351, 1.4081076924898186, 1.3730333490031106, 1.3472456372514063, 1.3384386903169203, 1.3378317635886523, 1.324793583884531, 1.3224251130405738, 1.3135976681903916, 1.3154531394948765, 1.3049777752282667, 1.3052611472655316, 1.2929747122891095, 1.29087838104793, 1.29051601643465, 1.2835139419351305, 1.286889995239219, 1.2813161903498125, 1.28511935107562, 1.2868012147290366, 1.2832692739914875, 1.2744513214850912, 1.277154482140833, 1.2769421266049754, 1.2796829434073702, 1.277652115237956, 1.2795909758733244, 1.2795084398619982, 1.2794994638890635, 1.2796168412481035, 1.2763419862912626, 1.276285107038459, 1.276028175135048, 1.2750741292019279, 1.2862082330548033, 1.2782546531180947, 1.2799070763344667, 1.280234314349233, 1.2779360194595493], "train_acc": [22.718, 33.844, 38.478, 41.806, 43.716, 45.516, 47.046, 47.922, 48.896, 49.836, 50.854, 51.65, 52.21, 52.234, 52.634, 52.45, 53.356, 52.866, 53.464, 53.532, 53.704, 54.052, 53.942, 54.366, 54.23, 54.424, 54.018, 54.116, 54.544, 54.688, 54.3, 54.342, 54.18, 54.222, 54.386, 54.048, 54.392, 54.324, 54.584, 54.372, 54.438, 54.52, 54.392, 54.312, 54.422, 54.628, 54.376], "test_acc": [35.92, 43.62, 48.51, 50.85, 53.28, 55.55, 56.76, 57.93, 59.09, 60.11, 60.9, 61.14, 61.63, 61.79, 61.92, 61.88, 62.27, 62.25, 62.2, 62.56, 62.69, 62.92, 62.79, 62.69, 62.99, 62.9, 62.92, 63.05, 63.05, 63.15, 63.09, 63.18, 63.11, 63.03, 63.2, 63.13, 63.06, 63.18, 63.19, 63.19, 63.23, 63.22, 63.26, 63.3, 63.29, 63.28, 63.26], "test_loss": [1.7427671121645578, 1.5694310619861265, 1.4315679692014862, 1.348249133629135, 1.286788501316988, 1.241131551658051, 1.2047222354744054, 1.1758061292805249, 1.144047884246971, 1.1325235910053495, 1.1044828356066836, 1.0972014582609828, 1.0875024523916124, 1.0788126995291891, 1.0706808597226687, 1.0708554802061636, 1.0609410797493368, 1.0612256730659098, 1.0621223698688458, 1.0587887477271165, 1.049431761608848, 1.0440702332726008, 1.0475485822822475, 1.0447047005725811, 1.0422015484375289, 1.0416054936903942, 1.0429693626452097, 1.0395130914977835, 1.0396405707431744, 1.037350451644463, 1.0371600419660159, 1.036886292922346, 1.0370664023145844, 1.037459187115295, 1.0364952864526193, 1.0366100442560413, 1.0373370270185833, 1.0357804698280142, 1.0356004615373249, 1.0356791826743115, 1.0353701778605013, 1.035229741772519, 1.035293464419208, 1.0351756531980973, 1.035177611851994, 1.035293053977097, 1.0352935519399522], "roc_auc": [{"0": 0.7009444444444445, "1": 0.7194444444444443, "2": 0.5076666666666666, "3": 0.5168333333333334, "4": 0.6040555555555556, "5": 0.677, "6": 0.613, "7": 0.7110555555555556, "8": 0.7032222222222222, "9": 0.6867777777777778, "micro": 0.644}, {"0": 0.7270555555555556, "1": 0.7188888888888888, "2": 0.5410555555555556, "3": 0.5257777777777777, "4": 0.6250555555555555, "5": 0.7106666666666668, "6": 0.7732222222222221, "7": 0.7671666666666667, "8": 0.7215555555555556, "9": 0.7573333333333334, "micro": 0.6867777777777777}, {"0": 0.7262777777777778, "1": 0.7880555555555555, "2": 0.608, "3": 0.594, "4": 0.6750000000000002, "5": 0.6867777777777778, "6": 0.7884444444444444, "7": 0.7493333333333333, "8": 0.7739444444444444, "9": 0.7496111111111111, "micro": 0.7139444444444445}, {"0": 0.7435555555555555, "1": 0.8538888888888889, "2": 0.6317777777777778, "3": 0.6450555555555555, "4": 0.6486111111111111, "5": 0.6231666666666666, "6": 0.8212222222222222, "7": 0.7829444444444444, "8": 0.8039999999999999, "9": 0.7152222222222222, "micro": 0.7269444444444444}, {"0": 0.7836111111111111, "1": 0.7721111111111111, "2": 0.628111111111111, "3": 0.6825, "4": 0.6897777777777777, "5": 0.6036666666666666, "6": 0.8198333333333333, "7": 0.7889999999999999, "8": 0.797, "9": 0.8388333333333333, "micro": 0.7404444444444445}, {"0": 0.7619444444444444, "1": 0.8188888888888889, "2": 0.6385555555555555, "3": 0.6369444444444445, "4": 0.7205, "5": 0.6666111111111112, "6": 0.8176666666666667, "7": 0.8004444444444444, "8": 0.8319444444444444, "9": 0.8370555555555556, "micro": 0.7530555555555555}, {"0": 0.7676666666666667, "1": 0.8229444444444445, "2": 0.6645, "3": 0.5913333333333333, "4": 0.7321666666666667, "5": 0.729, "6": 0.8347777777777778, "7": 0.7779999999999999, "8": 0.8538888888888888, "9": 0.8235, "micro": 0.7597777777777778}, {"0": 0.8005, "1": 0.8324444444444444, "2": 0.6211111111111112, "3": 0.6135555555555556, "4": 0.7212222222222222, "5": 0.7186111111111111, "6": 0.853888888888889, "7": 0.8038333333333333, "8": 0.8572777777777779, "9": 0.8403333333333333, "micro": 0.7662777777777777}, {"0": 0.7923333333333333, "1": 0.8822222222222222, "2": 0.677888888888889, "3": 0.6484444444444444, "4": 0.7123333333333334, "5": 0.6901111111111111, "6": 0.8457777777777779, "7": 0.8163333333333335, "8": 0.8605555555555556, "9": 0.8012222222222223, "micro": 0.7727222222222222}, {"0": 0.7908888888888889, "1": 0.8488888888888889, "2": 0.6617222222222223, "3": 0.671611111111111, "4": 0.733111111111111, "5": 0.6944444444444444, "6": 0.8526666666666668, "7": 0.8163333333333334, "8": 0.8613333333333333, "9": 0.8528888888888888, "micro": 0.7783888888888888}, {"0": 0.8065, "1": 0.8700555555555555, "2": 0.6779999999999999, "3": 0.6493888888888889, "4": 0.7286111111111111, "5": 0.7219444444444445, "6": 0.8520555555555556, "7": 0.8161666666666667, "8": 0.8681666666666668, "9": 0.8368888888888888, "micro": 0.7827777777777778}, {"0": 0.8069444444444444, "1": 0.8752222222222222, "2": 0.6817222222222222, "3": 0.6457777777777778, "4": 0.7410555555555556, "5": 0.6996111111111112, "6": 0.8621666666666667, "7": 0.8152222222222222, "8": 0.8763333333333333, "9": 0.8370555555555556, "micro": 0.7841111111111112}, {"0": 0.8061666666666668, "1": 0.8730555555555556, "2": 0.6879444444444445, "3": 0.6540555555555555, "4": 0.7478888888888889, "5": 0.7113333333333333, "6": 0.8611666666666667, "7": 0.8140555555555556, "8": 0.8712222222222222, "9": 0.8414444444444444, "micro": 0.7868333333333333}, {"0": 0.8122222222222222, "1": 0.8700555555555556, "2": 0.6905, "3": 0.6478888888888888, "4": 0.7434444444444444, "5": 0.7226666666666668, "6": 0.8586111111111112, "7": 0.8125555555555557, "8": 0.8722222222222222, "9": 0.8470555555555556, "micro": 0.7877222222222222}, {"0": 0.8071111111111111, "1": 0.8766666666666668, "2": 0.6996111111111111, "3": 0.6542777777777778, "4": 0.7363888888888888, "5": 0.7154999999999999, "6": 0.8466111111111111, "7": 0.8233333333333334, "8": 0.8837222222222223, "9": 0.8412222222222222, "micro": 0.7884444444444445}, {"0": 0.809, "1": 0.8655, "2": 0.6864444444444444, "3": 0.6597777777777779, "4": 0.7454999999999999, "5": 0.7117777777777778, "6": 0.8579444444444444, "7": 0.8163888888888888, "8": 0.8780000000000001, "9": 0.8518888888888888, "micro": 0.7882222222222222}, {"0": 0.8012222222222223, "1": 0.8714999999999999, "2": 0.6911666666666667, "3": 0.6621666666666667, "4": 0.7461111111111112, "5": 0.7218333333333332, "6": 0.8568333333333333, "7": 0.8221666666666667, "8": 0.879, "9": 0.8518888888888888, "micro": 0.7903888888888889}, {"0": 0.8101111111111112, "1": 0.8785555555555556, "2": 0.6845555555555556, "3": 0.6585555555555556, "4": 0.7509444444444445, "5": 0.7156666666666667, "6": 0.8549999999999999, "7": 0.8201666666666667, "8": 0.882, "9": 0.8472222222222222, "micro": 0.7902777777777777}, {"0": 0.8029999999999999, "1": 0.8724444444444445, "2": 0.6960555555555555, "3": 0.651611111111111,