{"args": {"use_cuda": true, "train_batch_size": 256, "test_batch_size": 128, "lr": 0.001, "gamma": 0.2, "start_epoch": 1, "num_epochs": 50, "init_type": null, "pooling_type": "max", "dropout_type": "spatial_and_channel", "dropout_p": 0.5, "patience": 10, "tolerance": -0.0001, "do_train": true, "load_model": false, "model_name": "dropout_spatial_and_channel_last", "save_checkpoints": true, "save_model": true}, "metrics": {"train_time": 196.25298166275024, "train_loss": [2.1021402058552723, 1.8413750584028206, 1.7272012446607863, 1.6644162529585314, 1.6118111902353716, 1.5714047405184532, 1.540733277797699, 1.5096902993260597, 1.4922037258440135, 1.4673803296624397, 1.4350991516697162, 1.4234445891818222, 1.4009919738282963, 1.3990133714919188, 1.388539225471263, 1.384946155913022, 1.379390679451884, 1.373648306544946, 1.3710589706897736, 1.3691280350393178, 1.356260511948138, 1.3607205067362105, 1.3623397234751253, 1.357131413659271, 1.3548245624620088, 1.355870518149162, 1.3506063721617874, 1.3457944636442223, 1.3502847412411048, 1.3471653473620513, 1.3448644316926295, 1.3470927063299685, 1.3456759732596728, 1.347138093442333, 1.3405638622994325, 1.3446825602833106, 1.3452714407930568, 1.3511847634704746, 1.3392672745548948, 1.3408124373883616, 1.3362246350366243, 1.3388074551309859, 1.3403089739838425, 1.3413504124904165, 1.3449857758016002, 1.3436833668728263], "train_acc": [20.212, 30.946, 35.458, 38.192, 40.786, 42.68, 43.868, 44.966, 46.202, 46.906, 48.324, 48.804, 49.806, 49.58, 49.962, 50.544, 50.366, 50.888, 51.138, 51.088, 51.54, 51.3, 51.308, 51.476, 51.668, 51.34, 51.642, 51.828, 51.49, 51.718, 51.946, 51.85, 51.872, 51.632, 52.006, 51.852, 51.97, 51.904, 52.014, 51.998, 52.144, 52.17, 52.052, 52.022, 52.174, 51.862], "test_acc": [35.75, 42.84, 46.68, 49.07, 51.14, 52.55, 55.16, 55.38, 56.67, 57.75, 58.82, 58.94, 59.65, 59.75, 59.99, 60.08, 60.16, 60.22, 60.74, 60.65, 61.01, 61.06, 61.19, 61.0, 61.2, 61.07, 61.14, 61.21, 61.2, 61.12, 61.18, 61.32, 61.32, 61.28, 61.24, 61.37, 61.31, 61.3, 61.34, 61.3, 61.28, 61.32, 61.33, 61.33, 61.32, 61.33], "test_loss": [1.7814561913285074, 1.6106231408783152, 1.496965524516528, 1.4168640963638885, 1.3727442735358129, 1.3102127675768696, 1.2628153260750106, 1.2398702826681016, 1.213351681262632, 1.1925542196141015, 1.1589710071117063, 1.155419418328925, 1.140148921103417, 1.1353952718686453, 1.1304861752292779, 1.1240909786164006, 1.12201105944718, 1.116802713539027, 1.1120601839657072, 1.1088338275498981, 1.1016257812705221, 1.0994899242739133, 1.0995032032833825, 1.100393308868891, 1.0960840582847595, 1.0959912651701817, 1.0956687534911722, 1.0925119971927209, 1.0925050400480438, 1.0923892734925957, 1.091505947746808, 1.0907239415977574, 1.0904028083704695, 1.090050311782692, 1.089428316943253, 1.0892991438696655, 1.0890157215202911, 1.0885034769396238, 1.088381450387496, 1.0883237115944489, 1.0883370947234239, 1.0881246569790417, 1.0881297543079038, 1.0881797339342818, 1.0880468714086315, 1.088021977038323], "roc_auc": [{"0": 0.6803333333333333, "1": 0.7005, "2": 0.5070555555555555, "3": 0.5187222222222223, "4": 0.5920000000000001, "5": 0.6713888888888888, "6": 0.6354444444444445, "7": 0.7062777777777778, "8": 0.7418888888888888, "9": 0.6769444444444445, "micro": 0.6430555555555555}, {"0": 0.696, "1": 0.7088333333333334, "2": 0.5562777777777778, "3": 0.5195, "4": 0.6476666666666666, "5": 0.7084444444444445, "6": 0.7413333333333332, "7": 0.7536111111111111, "8": 0.7427222222222222, "9": 0.7500555555555556, "micro": 0.6824444444444444}, {"0": 0.6990555555555555, "1": 0.7739444444444445, "2": 0.622388888888889, "3": 0.5715555555555556, "4": 0.6617222222222222, "5": 0.6705, "6": 0.770888888888889, "7": 0.755388888888889, "8": 0.7769999999999999, "9": 0.7353333333333333, "micro": 0.7037777777777778}, {"0": 0.7074444444444444, "1": 0.837111111111111, "2": 0.6080555555555556, "3": 0.6538888888888889, "4": 0.6722777777777779, "5": 0.622, "6": 0.8, "7": 0.785, "8": 0.7953333333333333, "9": 0.6894444444444444, "micro": 0.7170555555555554}, {"0": 0.7403888888888889, "1": 0.7792777777777776, "2": 0.6465000000000001, "3": 0.6401111111111112, "4": 0.6575, "5": 0.6523888888888888, "6": 0.8098888888888889, "7": 0.7814999999999999, "8": 0.7847222222222222, "9": 0.7932777777777779, "micro": 0.7285555555555556}, {"0": 0.7404444444444445, "1": 0.8142777777777779, "2": 0.6218333333333333, "3": 0.6251111111111112, "4": 0.7005, "5": 0.6503888888888888, "6": 0.8103333333333333, "7": 0.8046111111111112, "8": 0.8123888888888889, "9": 0.7839999999999999, "micro": 0.736388888888889}, {"0": 0.7607777777777778, "1": 0.8143888888888889, "2": 0.6491111111111111, "3": 0.6098333333333333, "4": 0.7031111111111111, "5": 0.7187222222222222, "6": 0.8235555555555556, "7": 0.7969999999999999, "8": 0.848111111111111, "9": 0.7842777777777779, "micro": 0.7508888888888889}, {"0": 0.7678888888888888, "1": 0.8184444444444445, "2": 0.6255, "3": 0.6333888888888889, "4": 0.7044999999999999, "5": 0.6897777777777777, "6": 0.8397222222222221, "7": 0.7931111111111111, "8": 0.8386666666666667, "9": 0.8101111111111112, "micro": 0.7521111111111111}, {"0": 0.7923333333333334, "1": 0.8582222222222222, "2": 0.659611111111111, "3": 0.6496111111111111, "4": 0.7093888888888888, "5": 0.6707777777777777, "6": 0.8382222222222222, "7": 0.8098888888888888, "8": 0.851611111111111, "9": 0.7531111111111111, "micro": 0.7592777777777777}, {"0": 0.7833888888888888, "1": 0.8463888888888889, "2": 0.6499444444444445, "3": 0.6634444444444445, "4": 0.734611111111111, "5": 0.684888888888889, "6": 0.8352222222222223, "7": 0.806, "8": 0.8410555555555557, "9": 0.8078333333333334, "micro": 0.7652777777777778}, {"0": 0.7971666666666667, "1": 0.8699444444444444, "2": 0.6659444444444444, "3": 0.6295555555555555, "4": 0.7189444444444445, "5": 0.7124999999999999, "6": 0.8335555555555556, "7": 0.8177777777777778, "8": 0.8622222222222223, "9": 0.8046111111111112, "micro": 0.7712222222222223}, {"0": 0.7897222222222222, "1": 0.8641666666666667, "2": 0.6577222222222221, "3": 0.6359444444444444, "4": 0.7352777777777778, "5": 0.6971666666666667, "6": 0.8490000000000001, "7": 0.8112777777777778, "8": 0.8692777777777778, "9": 0.8093333333333333, "micro": 0.7718888888888888}, {"0": 0.7995555555555556, "1": 0.864, "2": 0.6696666666666667, "3": 0.6561111111111111, "4": 0.7260555555555557, "5": 0.6985, "6": 0.8468333333333332, "7": 0.8119444444444445, "8": 0.8641666666666667, "9": 0.8215, "micro": 0.7758333333333334}, {"0": 0.7988888888888889, "1": 0.8644999999999999, "2": 0.6636666666666666, "3": 0.6357222222222222, "4": 0.7418333333333335, "5": 0.713, "6": 0.8415000000000001, "7": 0.8161666666666668, "8": 0.8650555555555557, "9": 0.8235555555555555, "micro": 0.7763888888888889}, {"0": 0.7909444444444443, "1": 0.8684444444444445, "2": 0.6718333333333334, "3": 0.6495555555555556, "4": 0.7376666666666667, "5": 0.6907222222222222, "6": 0.8485555555555556, "7": 0.8212222222222222, "8": 0.8725555555555555, "9": 0.8257222222222221, "micro": 0.7777222222222222}, {"0": 0.7993333333333333, "1": 0.8589444444444444, "2": 0.6711666666666667, "3": 0.6421111111111112, "4": 0.7403333333333334, "5": 0.6952222222222222, "6": 0.8484444444444446, "7": 0.8182777777777779, "8": 0.8724999999999999, "9": 0.8358888888888889, "micro": 0.7782222222222221}, {"0": 0.7901111111111112, "1": 0.8638888888888888, "2": 0.6712777777777778, "3": 0.6371666666666668, "4": 0.7290555555555556, "5": 0.7134444444444444, "6": 0.8512777777777778, "7": 0.8232777777777779, "8": 0.8670555555555556, "9": 0.8401111111111111, "micro": 0.7786666666666666}, {"0": 0.7985, "1": 0.8697777777777779, "2": 0.6548333333333333, "3": 0.6515555555555557, "4": 0.7396666666666667, "5": 0.6987777777777778, "6": 0.8533333333333334, "7": 0.822388888888889, "8": 0.8710555555555557, "9": 0.830111111111111, "micro": 0.7789999999999999}, {"0": 0.7999999999999999, "1": 0.8650555555555556, "2": 0.6799999999999999, "3": 0.6489444444444445, "4": 0.7367222222222223,