{"args": {"use_cuda": true, "train_batch_size": 256, "test_batch_size": 128, "lr": 0.001, "gamma": 0.2, "start_epoch": 1, "num_epochs": 50, "init_type": null, "pooling_type": "max", "dropout_type": "channel", "dropout_p": 0.5, "patience": 10, "tolerance": -0.0001, "do_train": true, "load_model": false, "model_name": "dropout_channel_first", "save_checkpoints": true, "save_model": true}, "metrics": {"train_time": 80.84803295135498, "train_loss": [1.6755914894901975, 1.249507730712696, 1.0759875397292935, 0.9554788166162919, 0.8690192644693413, 0.7993232148642443, 0.7416404309321423, 0.6902045993780603, 0.6443336242619826, 0.5964828840627963, 0.469201892006154, 0.43724050722560104, 0.41914183372745706, 0.3981882482767105, 0.3854679375582812, 0.3700680336629858, 0.35645585621193965, 0.34313675981699204], "train_acc": [37.628, 55.182, 62.026, 66.192, 69.57, 71.958, 74.062, 75.948, 77.374, 79.01, 83.748, 85.164, 85.768, 86.376, 86.77, 87.458, 87.924, 88.384], "test_acc": [50.8, 56.82, 60.8, 65.88, 68.83, 69.73, 70.18, 69.68, 71.3, 72.63, 74.05, 73.63, 73.93, 73.26, 73.74, 73.52, 73.36, 73.61], "test_loss": [1.3402093648910522, 1.205000180232374, 1.1043613190892376, 0.968343557436255, 0.8875842675378051, 0.8739459574977054, 0.8639070127583757, 0.8996565440033055, 0.8757131741016726, 0.8415345277967332, 0.8091097919246818, 0.8151206253450128, 0.8240097021754784, 0.8550906762292113, 0.8465933565852009, 0.8626196618321575, 0.8759537203402459, 0.898967220058924], "roc_auc": [{"0": 0.7457222222222223, "1": 0.7190555555555556, "2": 0.6463888888888889, "3": 0.6102777777777779, "4": 0.6081111111111112, "5": 0.7539444444444444, "6": 0.7681666666666668, "7": 0.7645, "8": 0.8339444444444444, "9": 0.8165555555555555, "micro": 0.7266666666666667}, {"0": 0.8044444444444445, "1": 0.8389444444444444, "2": 0.6718333333333333, "3": 0.6651666666666667, "4": 0.6336666666666666, "5": 0.6849444444444445, "6": 0.7922222222222222, "7": 0.8618333333333333, "8": 0.8005, "9": 0.8475555555555556, "micro": 0.7601111111111111}, {"0": 0.8086666666666666, "1": 0.8669444444444444, "2": 0.6725, "3": 0.675611111111111, "4": 0.8326666666666667, "5": 0.7196666666666667, "6": 0.7562222222222221, "7": 0.8023333333333335, "8": 0.8591111111111112, "9": 0.8284999999999999, "micro": 0.7822222222222223}, {"0": 0.8451666666666666, "1": 0.8814444444444445, "2": 0.7338333333333332, "3": 0.6932222222222222, "4": 0.8207777777777778, "5": 0.7396666666666667, "6": 0.8678333333333333, "7": 0.8529444444444444, "8": 0.8233888888888888, "9": 0.8461666666666665, "micro": 0.8104444444444444}, {"0": 0.8592222222222222, "1": 0.9092777777777779, "2": 0.7288333333333333, "3": 0.7652777777777777, "4": 0.7703888888888888, "5": 0.7421111111111112, "6": 0.8704444444444445, "7": 0.8444444444444444, "8": 0.9092222222222222, "9": 0.8691111111111112, "micro": 0.8268333333333333}, {"0": 0.8760555555555556, "1": 0.9200555555555556, "2": 0.7558333333333334, "3": 0.7558333333333332, "4": 0.8191666666666668, "5": 0.7608888888888887, "6": 0.8792222222222222, "7": 0.8078333333333334, "8": 0.8893333333333333, "9": 0.8541111111111112, "micro": 0.8318333333333334}, {"0": 0.8652777777777777, "1": 0.8811666666666667, "2": 0.7926666666666667, "3": 0.7432777777777778, "4": 0.7608333333333334, "5": 0.7698333333333334, "6": 0.8927222222222221, "7": 0.8530555555555556, "8": 0.8772222222222222, "9": 0.9072777777777778, "micro": 0.8343333333333333}, {"0": 0.8520555555555556, "1": 0.8177222222222222, "2": 0.7589444444444444, "3": 0.7552777777777778, "4": 0.8321666666666667, "5": 0.7768333333333333, "6": 0.8563888888888889, "7": 0.8883333333333333, "8": 0.9188333333333333, "9": 0.859, "micro": 0.8315555555555556}, {"0": 0.8681111111111112, "1": 0.9166666666666666, "2": 0.7574444444444446, "3": 0.7302777777777779, "4": 0.8573888888888889, "5": 0.7222222222222222, "6": 0.9102222222222222, "7": 0.8922222222222221, "8": 0.8986666666666666, "9": 0.8523333333333333, "micro": 0.8405555555555556}, {"0": 0.8874444444444444, "1": 0.9103333333333333, "2": 0.8162777777777778, "3": 0.7258333333333332, "4": 0.8005, "5": 0.7722777777777777, "6": 0.9050555555555555, "7": 0.8823333333333334, "8": 0.8962222222222223, "9": 0.8831666666666668, "micro": 0.8479444444444444}, {"0": 0.8758333333333332, "1": 0.9131666666666666, "2": 0.7977777777777778, "3": 0.7359444444444444, "4": 0.8341111111111111, "5": 0.8118888888888889, "6": 0.8912777777777777, "7": 0.8882777777777778, "8": 0.9121666666666667, "9": 0.8978888888888887, "micro": 0.8558333333333332}, {"0": 0.8805, "1": 0.8925555555555557, "2": 0.7916111111111112, "3": 0.7535, "4": 0.8370555555555557, "5": 0.8018333333333333, "6": 0.8785000000000001, "7": 0.8707222222222222, "8": 0.9252222222222222, "9": 0.9035, "micro": 0.8535}, {"0": 0.8782777777777777, "1": 0.9084444444444446, "2": 0.7987777777777778, "3": 0.7572222222222222, "4": 0.8313333333333333, "5": 0.7801111111111111, "6": 0.9013888888888888, "7": 0.882, "8": 0.9223888888888889, "9": 0.8917222222222223, "micro": 0.8551666666666666}, {"0": 0.8959444444444445, "1": 0.8960555555555555, "2": 0.7738333333333333, "3": 0.7305555555555555, "4": 0.800888888888889, "5": 0.8252777777777777, "6": 0.9045555555555557, "7": 0.8738888888888889, "8": 0.9024444444444445, "9": 0.9109999999999999, "micro": 0.8514444444444444}, {"0": 0.876, "1": 0.9174444444444444, "2": 0.793611111111111, "3": 0.741, "4": 0.8277777777777777, "5": 0.7944444444444444, "6": 0.8978888888888888, "7": 0.8812222222222222, "8": 0.9239444444444445, "9": 0.8877777777777778, "micro": 0.8541111111111112}, {"0": 0.8802777777777777, "1": 0.9217777777777778, "2": 0.7982222222222223, "3": 0.7471666666666668, "4": 0.8190555555555555, "5": 0.7858888888888889, "6": 0.8898333333333334, "7": 0.8727222222222222, "8": 0.9184444444444445, "9": 0.8955, "micro": 0.8528888888888888}, {"0": 0.8647222222222223, "1": 0.9105555555555557, "2": 0.7849999999999999, "3": 0.7506111111111111, "4": 0.8203888888888888, "5": 0.8070555555555556, "6": 0.8809444444444444, "7": 0.8782222222222223, "8": 0.9190555555555556, "9": 0.9034444444444445, "micro": 0.852}, {"0": 0.8684444444444445, "1": 0.9030555555555556, "2": 0.8195555555555556, "3": 0.7407222222222223, "4": 0.8279444444444444, "5": 0.7765, "6": 0.8776666666666666, "7": 0.8893333333333334, "8": 0.9245555555555556, "9": 0.9061111111111111, "micro": 0.8533888888888889}]}}