{"args": {"use_cuda": true, "train_batch_size": 256, "test_batch_size": 128, "lr": 0.001, "gamma": 0.2, "start_epoch": 1, "num_epochs": 50, "init_type": null, "pooling_type": "max", "dropout_type": "spatial", "dropout_p": 0.5, "patience": 10, "tolerance": -0.0001, "do_train": true, "load_model": false, "model_name": "dropout_spatial_first", "save_checkpoints": true, "save_model": true}, "metrics": {"train_time": 92.38779354095459, "train_loss": [1.6022557330374816, 1.196592696163119, 1.0246588371846141, 0.9234299483347912, 0.8363572839571505, 0.7799329365394554, 0.7142576557032916, 0.6592410288903178, 0.6139495260253245, 0.5746613336460931, 0.43505039081281544, 0.4029505552381885, 0.38302377170445967, 0.36884720060898335, 0.352504662485147, 0.34019231089219754, 0.3248194127666707, 0.31273429141360887, 0.2976594665372858, 0.2859622824709026], "train_acc": [40.812, 56.916, 63.444, 67.222, 70.37, 72.43, 74.78, 76.642, 78.072, 79.588, 84.65, 85.858, 86.64, 87.084, 87.732, 88.08, 88.576, 89.08, 89.582, 90.052], "test_acc": [53.19, 59.74, 59.9, 63.59, 69.08, 68.12, 68.86, 70.0, 68.06, 70.25, 72.18, 72.4, 72.87, 73.39, 72.43, 72.35, 72.98, 73.02, 72.1, 71.39], "test_loss": [1.43540358543396, 1.2157295655600633, 1.2062203763406487, 1.0751432489745225, 0.9716751749002481, 0.9561206668238097, 0.928754526603071, 0.8911860185333446, 0.9298686709585069, 0.8657005700883986, 0.7969345495670657, 0.7914817604837538, 0.7827572279338595, 0.7766348689417296, 0.8017327415792248, 0.7884231662448449, 0.7800403078900108, 0.7861624888226956, 0.8134834600400321, 0.8331952585449701], "roc_auc": [{"0": 0.777888888888889, "1": 0.7952222222222222, "2": 0.640611111111111, "3": 0.6205555555555555, "4": 0.6391111111111112, "5": 0.7543333333333334, "6": 0.7565, "7": 0.7651111111111111, "8": 0.8388888888888889, "9": 0.8112222222222223, "micro": 0.7399444444444445}, {"0": 0.8305555555555556, "1": 0.8748333333333332, "2": 0.6299444444444445, "3": 0.6501111111111111, "4": 0.7339444444444445, "5": 0.6976111111111111, "6": 0.8150555555555556, "7": 0.8644444444444443, "8": 0.824, "9": 0.8428333333333333, "micro": 0.7763333333333333}, {"0": 0.8022222222222223, "1": 0.8290555555555558, "2": 0.7136111111111111, "3": 0.5578333333333333, "4": 0.8340000000000001, "5": 0.7075555555555555, "6": 0.8326111111111111, "7": 0.8216666666666667, "8": 0.8286666666666667, "9": 0.845, "micro": 0.7772222222222221}, {"0": 0.8335555555555557, "1": 0.8355, "2": 0.7325555555555556, "3": 0.630611111111111, "4": 0.8462222222222221, "5": 0.7126666666666667, "6": 0.8687222222222222, "7": 0.7992222222222222, "8": 0.8776111111111112, "9": 0.8405555555555556, "micro": 0.7977222222222222}, {"0": 0.8636111111111111, "1": 0.8877777777777778, "2": 0.7442222222222222, "3": 0.7497777777777778, "4": 0.8198333333333333, "5": 0.7234444444444444, "6": 0.8721666666666668, "7": 0.8456111111111112, "8": 0.8993888888888888, "9": 0.8763888888888889, "micro": 0.8282222222222222}, {"0": 0.8627777777777778, "1": 0.8978333333333333, "2": 0.7542777777777778, "3": 0.7597777777777777, "4": 0.8591111111111113, "5": 0.6930555555555555, "6": 0.8811111111111112, "7": 0.8126666666666666, "8": 0.8737777777777778, "9": 0.8345, "micro": 0.8228888888888888}, {"0": 0.8627777777777779, "1": 0.8437777777777776, "2": 0.8035555555555556, "3": 0.6527777777777778, "4": 0.8033888888888889, "5": 0.8076111111111111, "6": 0.8975555555555556, "7": 0.8518333333333334, "8": 0.8658888888888889, "9": 0.8808333333333334, "micro": 0.8270000000000001}, {"0": 0.8479444444444445, "1": 0.866, "2": 0.7983888888888888, "3": 0.7624444444444445, "4": 0.8226666666666668, "5": 0.7365555555555555, "6": 0.8728888888888887, "7": 0.8738888888888889, "8": 0.9018333333333334, "9": 0.8507222222222223, "micro": 0.8333333333333334}, {"0": 0.8412222222222222, "1": 0.8608888888888889, "2": 0.7858333333333334, "3": 0.6893333333333334, "4": 0.8630000000000001, "5": 0.6831111111111111, "6": 0.9070555555555555, "7": 0.8331666666666666, "8": 0.9005, "9": 0.8614444444444445, "micro": 0.8225555555555556}, {"0": 0.8815000000000001, "1": 0.8982222222222221, "2": 0.8057777777777778, "3": 0.7053888888888888, "4": 0.8647777777777779, "5": 0.7039444444444444, "6": 0.9044444444444444, "7": 0.7926666666666666, "8": 0.9070555555555555, "9": 0.8834444444444446, "micro": 0.8347222222222224}, {"0": 0.8483333333333333, "1": 0.8823888888888888, "2": 0.7870555555555556, "3": 0.7264999999999999, "4": 0.8775555555555555, "5": 0.7743888888888888, "6": 0.8995000000000001, "7": 0.8531666666666666, "8": 0.9259444444444445, "9": 0.8796111111111111, "micro": 0.8454444444444444}, {"0": 0.8493333333333333, "1": 0.8752777777777778, "2": 0.7988333333333333, "3": 0.7496666666666668, "4": 0.8744999999999999, "5": 0.777, "6": 0.8969444444444444, "7": 0.8414444444444444, "8": 0.9165555555555556, "9": 0.8871111111111112, "micro": 0.8466666666666667}, {"0": 0.8606666666666667, "1": 0.9039999999999999, "2": 0.8003888888888888, "3": 0.7483888888888889, "4": 0.864, "5": 0.7286111111111111, "6": 0.9047777777777778, "7": 0.8793333333333333, "8": 0.919, "9": 0.883611111111111, "micro": 0.8492777777777778}, {"0": 0.8653333333333334, "1": 0.8950555555555555, "2": 0.7792222222222221, "3": 0.7329444444444444, "4": 0.8696666666666666, "5": 0.789611111111111, "6": 0.9085555555555556, "7": 0.8695, "8": 0.9112777777777777, "9": 0.9005000000000001, "micro": 0.8521666666666667}, {"0": 0.8638333333333333, "1": 0.8813333333333334, "2": 0.8056111111111112, "3": 0.7219444444444444, "4": 0.8741111111111111, "5": 0.7591666666666667, "6": 0.8888333333333334, "7": 0.8864444444444446, "8": 0.9138333333333333, "9": 0.8732222222222223, "micro": 0.8468333333333333}, {"0": 0.8510555555555556, "1": 0.8999444444444444, "2": 0.7853888888888889, "3": 0.725388888888889, "4": 0.8747222222222221, "5": 0.7577222222222223, "6": 0.8993333333333333, "7": 0.8633333333333334, "8": 0.9239999999999999, "9": 0.883, "micro": 0.8463888888888889}, {"0": 0.8422777777777778, "1": 0.9052777777777776, "2": 0.8097777777777778, "3": 0.7560555555555556, "4": 0.8538333333333333, "5": 0.7711666666666668, "6": 0.8953888888888889, "7": 0.871, "8": 0.9181666666666667, "9": 0.8759444444444445, "micro": 0.8498888888888889}, {"0": 0.8575, "1": 0.8756666666666667, "2": 0.8081666666666667, "3": 0.7432222222222222, "4": 0.8673333333333333, "5": 0.7591111111111111, "6": 0.8963333333333333, "7": 0.8885000000000001, "8": 0.917, "9": 0.8882777777777777, "micro": 0.8501111111111112}, {"0": 0.8598333333333333, "1": 0.8750555555555556, "2": 0.810277777777778, "3": 0.7312777777777778, "4": 0.8576666666666668, "5": 0.749, "6": 0.9129999999999999, "7": 0.8433888888888887, "8": 0.9243333333333335, "9": 0.8861666666666665, "micro": 0.845}, {"0": 0.8434444444444444, "1": 0.8724999999999999, "2": 0.7881666666666667, "3": 0.7450555555555556, "4": 0.8750555555555555, "5": 0.7516111111111112, "6": 0.8977222222222222, "7": 0.8438333333333333, "8": 0.9162777777777777, "9": 0.8768888888888889, "micro": 0.8410555555555556}]}}