{"args": {"use_cuda": true, "train_batch_size": 256, "test_batch_size": 128, "lr": 0.001, "gamma": 0.2, "start_epoch": 1, "num_epochs": 50, "init_type": null, "pooling_type": "max", "dropout_type": "channel", "dropout_p": 0.5, "patience": 10, "tolerance": -0.0001, "do_train": true, "load_model": false, "model_name": "dropout_channel_last", "save_checkpoints": true, "save_model": true}, "metrics": {"train_time": 73.78159737586975, "train_loss": [1.6786047092505865, 1.2545950056947008, 1.0813607582632376, 0.9572815819054233, 0.877722119190255, 0.8038610837289265, 0.7440427909700238, 0.6845789332779086, 0.6445471437609925, 0.5971515548168397, 0.471153086545516, 0.4381737474884306, 0.4196204825931666, 0.39866770454207245, 0.38614449916141375, 0.37336250265337984, 0.3578648066946438], "train_acc": [37.494, 54.85, 61.872, 66.2, 69.092, 71.66, 73.85, 75.894, 77.292, 79.028, 83.854, 85.042, 85.624, 86.424, 86.916, 87.192, 87.86], "test_acc": [50.22, 56.84, 62.54, 66.91, 68.61, 68.96, 70.86, 70.71, 71.4, 72.35, 74.13, 73.54, 73.68, 73.73, 73.97, 73.66, 73.36], "test_loss": [1.3537424561343616, 1.2038591413558284, 1.0579426673394214, 0.9436829655985289, 0.8977167266833631, 0.8845422547074813, 0.8515533291840856, 0.8510250396366361, 0.8589795292178287, 0.8378839206091965, 0.7999179808399345, 0.8145426451405392, 0.8257926634595364, 0.8448830156386653, 0.855404210241535, 0.8536441039435471, 0.8780671622179732], "roc_auc": [{"0": 0.7382222222222222, "1": 0.7069444444444445, "2": 0.6465, "3": 0.6130555555555555, "4": 0.6093333333333333, "5": 0.7549444444444444, "6": 0.7526666666666667, "7": 0.757888888888889, "8": 0.8395, "9": 0.8153888888888889, "micro": 0.7234444444444444}, {"0": 0.7825555555555556, "1": 0.8437777777777777, "2": 0.6655555555555556, "3": 0.6652777777777777, "4": 0.6359444444444444, "5": 0.703388888888889, "6": 0.7573888888888889, "7": 0.8557222222222222, "8": 0.8416666666666667, "9": 0.8509444444444445, "micro": 0.7602222222222222}, {"0": 0.7996111111111112, "1": 0.8556111111111111, "2": 0.6299444444444445, "3": 0.6849444444444445, "4": 0.8242222222222222, "5": 0.7226666666666667, "6": 0.8267222222222222, "7": 0.8369444444444445, "8": 0.8758888888888889, "9": 0.8623333333333334, "micro": 0.7918888888888889}, {"0": 0.8588333333333333, "1": 0.8837222222222223, "2": 0.7501666666666666, "3": 0.6946666666666668, "4": 0.7868333333333334, "5": 0.7447777777777778, "6": 0.8845, "7": 0.8400555555555556, "8": 0.8577222222222223, "9": 0.8603888888888889, "micro": 0.8161666666666667}, {"0": 0.8479444444444444, "1": 0.9096111111111111, "2": 0.7094444444444444, "3": 0.752, "4": 0.782611111111111, "5": 0.7601666666666667, "6": 0.8739444444444444, "7": 0.8287222222222221, "8": 0.9063888888888889, "9": 0.8852777777777779, "micro": 0.8256111111111112}, {"0": 0.86, "1": 0.9181111111111111, "2": 0.7689999999999999, "3": 0.7475555555555555, "4": 0.8066111111111112, "5": 0.7422777777777778, "6": 0.867, "7": 0.8056111111111111, "8": 0.9053333333333334, "9": 0.8540555555555556, "micro": 0.8275555555555555}, {"0": 0.8786666666666667, "1": 0.8861111111111112, "2": 0.7988333333333333, "3": 0.7167222222222223, "4": 0.7758888888888889, "5": 0.7669444444444443, "6": 0.8903888888888889, "7": 0.8827777777777778, "8": 0.8801111111111112, "9": 0.9046666666666666, "micro": 0.8381111111111113}, {"0": 0.8672777777777778, "1": 0.8912777777777777, "2": 0.7768888888888889, "3": 0.7471111111111112, "4": 0.8091666666666667, "5": 0.7934444444444445, "6": 0.8658333333333332, "7": 0.8686666666666667, "8": 0.8997777777777778, "9": 0.8533333333333334, "micro": 0.8372777777777778}, {"0": 0.8767222222222222, "1": 0.9055555555555556, "2": 0.7808888888888889, "3": 0.7511111111111111, "4": 0.8217777777777778, "5": 0.7285, "6": 0.9097777777777779, "7": 0.8822777777777778, "8": 0.9105, "9": 0.844, "micro": 0.841111111111111}, {"0": 0.8821111111111112, "1": 0.9182777777777779, "2": 0.7724444444444444, "3": 0.7435, "4": 0.848, "5": 0.7478333333333333, "6": 0.9088888888888887, "7": 0.8673333333333334, "8": 0.9023333333333333, "9": 0.8731666666666668, "micro": 0.8463888888888889}, {"0": 0.8788333333333335, "1": 0.9147777777777777, "2": 0.7909999999999999, "3": 0.7396666666666668, "4": 0.8319444444444445, "5": 0.8087222222222223, "6": 0.9023888888888888, "7": 0.8791111111111111, "8": 0.9151111111111111, "9": 0.9012222222222223, "micro": 0.8562777777777777}, {"0": 0.8657222222222223, "1": 0.889888888888889, "2": 0.8036666666666666, "3": 0.7468888888888889, "4": 0.8297222222222221, "5": 0.8033333333333333, "6": 0.8913333333333333, "7": 0.8677777777777776, "8": 0.9234444444444445, "9": 0.9082222222222222, "micro": 0.8530000000000001}, {"0": 0.8826666666666667, "1": 0.9153888888888889, "2": 0.7777777777777777, "3": 0.752888888888889, "4": 0.8203333333333334, "5": 0.7938333333333334, "6": 0.8906666666666667, "7": 0.8832222222222222, "8": 0.9154999999999999, "9": 0.9054999999999999, "micro": 0.8537777777777779}, {"0": 0.8837222222222222, "1": 0.9038888888888889, "2": 0.7791666666666667, "3": 0.7546666666666667, "4": 0.809, "5": 0.8138333333333334, "6": 0.8872222222222222, "7": 0.8848888888888888, "8": 0.9125555555555557, "9": 0.911611111111111, "micro": 0.8540555555555553}, {"0": 0.8793333333333333, "1": 0.9148333333333333, "2": 0.7993333333333332, "3": 0.7417222222222222, "4": 0.8405, "5": 0.8084444444444445, "6": 0.8945555555555555, "7": 0.8712777777777778, "8": 0.9149444444444443, "9": 0.8889444444444445, "micro": 0.855388888888889}, {"0": 0.8697222222222223, "1": 0.9162222222222222, "2": 0.7987777777777776, "3": 0.7541666666666667, "4": 0.8070555555555556, "5": 0.7993888888888888, "6": 0.8967222222222222, "7": 0.8741111111111111, "8": 0.9218333333333333, "9": 0.8986666666666665, "micro": 0.8536666666666668}, {"0": 0.8405555555555556, "1": 0.9166111111111112, "2": 0.7978888888888889, "3": 0.7394444444444446, "4": 0.8162777777777777, "5": 0.8271666666666667, "6": 0.8887222222222222, "7": 0.8769444444444444, "8": 0.9152222222222223, "9": 0.9011666666666666, "micro": 0.852}]}}