{"args": {"use_cuda": true, "train_batch_size": 256, "test_batch_size": 128, "lr": 0.001, "gamma": 0.2, "start_epoch": 1, "num_epochs": 50, "init_type": "None", "pooling_type": "max", "dropout_type": "spatial", "dropout_p": 0.5, "patience": 10, "tolerance": -0.0001, "do_train": true, "load_model": false, "model_name": "image_input_crop_30", "save_checkpoints": true, "save_model": true}, "metrics": {"train_time": 244.48111391067505, "train_loss": [1.8692392591311007, 1.6159011076907723, 1.5087106124478944, 1.4218836621362336, 1.367208945507906, 1.318700480826047, 1.2687866176877702, 1.2393334313314788, 1.2101686961796818, 1.1825436998386771, 1.1121439261704076, 1.0909845610054172, 1.0882178119250707, 1.070858209412925, 1.056994531531723, 1.0547066218390757, 1.0550034414140546, 1.051634563475239, 1.0420284973723548, 1.0393749384247526, 1.0196660772270085, 1.012646661121018, 1.006012393503773, 1.0165194084449691, 1.0097442296694736, 1.0043661636965615, 1.0029023897891143, 1.0063949324646775, 1.0013520039465962, 0.9951150243987843, 0.9980665180756121, 1.0014263567875843, 0.9957548963780306, 0.9960656835108387, 0.9935789698240708, 0.9965805989138934, 1.0008154544903307, 0.9943177100955224, 0.9941839809928622, 0.9922036227523064, 0.9970950840079055, 0.9916367327072182, 0.996751607376702, 0.9941974838777464], "train_acc": [30.088, 40.758, 45.594, 48.786, 51.074, 52.888, 54.772, 56.18, 57.012, 58.14, 60.61, 61.418, 61.434, 62.184, 62.566, 62.79, 62.49, 62.826, 63.092, 63.282, 64.074, 64.546, 64.456, 64.296, 64.404, 64.53, 64.654, 64.388, 64.862, 64.818, 64.622, 64.736, 64.954, 64.788, 64.926, 64.786, 64.588, 64.996, 65.004, 64.884, 64.714, 65.148, 64.834, 64.938], "test_acc": [38.73, 42.76, 48.98, 51.23, 52.66, 55.68, 56.92, 55.36, 58.16, 58.65, 60.23, 61.37, 61.77, 62.0, 62.08, 62.12, 62.62, 62.21, 62.79, 62.25, 62.92, 62.52, 63.93, 63.33, 63.83, 63.54, 63.98, 63.73, 63.58, 63.63, 64.18, 63.55, 64.4, 63.63, 63.36, 64.36, 63.91, 64.31, 64.58, 64.32, 63.86, 64.23, 64.22, 63.43], "test_loss": [1.6481726652459254, 1.5680832364891149, 1.420809044113642, 1.3546016593522663, 1.334050602550748, 1.2486385529554342, 1.2338542938232422, 1.2798329289955428, 1.1947338709348365, 1.176469502569754, 1.1270273667347581, 1.1046937915343273, 1.08528715900228, 1.0891892525214184, 1.073609566386742, 1.0778989565523365, 1.074072331567354, 1.073925364621078, 1.0647482298597504, 1.0751129954676084, 1.049016081079652, 1.059549613089501, 1.0360059519357319, 1.041736347765862, 1.0321738569042351, 1.0443475359602818, 1.0356037646909304, 1.0367645757107795, 1.0393799384938012, 1.0320730299889287, 1.0120694939094255, 1.0373777234101598, 1.037712037563324, 1.0394685804089414, 1.0290710307374786, 1.0265914661974846, 1.0238852885705005, 1.0277288669272313, 1.027139875707747, 1.0263652809058563, 1.0328598671321627, 1.0397287312942216, 1.0224598804606666, 1.0371324533148656], "roc_auc": [{"0": 0.7182777777777778, "1": 0.7339444444444444, "2": 0.6162222222222222, "3": 0.5776666666666667, "4": 0.5168888888888888, "5": 0.6575555555555556, "6": 0.7322777777777778, "7": 0.6898333333333333, "8": 0.6970000000000001, "9": 0.6564444444444444, "micro": 0.659611111111111}, {"0": 0.6430555555555556, "1": 0.7156111111111111, "2": 0.554611111111111, "3": 0.6266666666666667, "4": 0.6495000000000001, "5": 0.6218333333333332, "6": 0.7637222222222221, "7": 0.7242777777777778, "8": 0.7697777777777778, "9": 0.7509444444444443, "micro": 0.6819999999999999}, {"0": 0.7105, "1": 0.7825555555555557, "2": 0.690722222222222, "3": 0.6772777777777778, "4": 0.6447222222222222, "5": 0.6631666666666667, "6": 0.760611111111111, "7": 0.7199444444444445, "8": 0.7526111111111111, "9": 0.7634444444444444, "micro": 0.7165555555555555}, {"0": 0.7309444444444445, "1": 0.7768333333333334, "2": 0.6994444444444444, "3": 0.6304444444444445, "4": 0.6673333333333334, "5": 0.713, "6": 0.7923888888888889, "7": 0.7451111111111111, "8": 0.7648333333333333, "9": 0.7702222222222221, "micro": 0.7290555555555556}, {"0": 0.8234444444444444, "1": 0.7846666666666667, "2": 0.6750555555555555, "3": 0.6337777777777778, "4": 0.7054444444444444, "5": 0.7019444444444445, "6": 0.8028333333333333, "7": 0.7571111111111111, "8": 0.7213888888888889, "9": 0.7643333333333333, "micro": 0.737}, {"0": 0.7422777777777778, "1": 0.8038333333333333, "2": 0.7162777777777778, "3": 0.6473888888888889, "4": 0.7098333333333333, "5": 0.7257777777777779, "6": 0.7824444444444445, "7": 0.7665555555555557, "8": 0.8408888888888889, "9": 0.8025, "micro": 0.7537777777777778}, {"0": 0.7486111111111111, "1": 0.7749444444444445, "2": 0.7098333333333333, "3": 0.659111111111111, "4": 0.7538888888888889, "5": 0.7373333333333333, "6": 0.7905000000000001, "7": 0.7727222222222222, "8": 0.8447222222222222, "9": 0.8150000000000001, "micro": 0.7606666666666666}, {"0": 0.8009444444444446, "1": 0.7588888888888888, "2": 0.7511666666666665, "3": 0.6321111111111111, "4": 0.722, "5": 0.7046666666666667, "6": 0.7563888888888889, "7": 0.7252777777777777, "8": 0.8310555555555555, "9": 0.8375, "micro": 0.7519999999999999}, {"0": 0.7590555555555556, "1": 0.8250555555555555, "2": 0.725888888888889, "3": 0.6910555555555555, "4": 0.7370555555555556, "5": 0.6975555555555556, "6": 0.804888888888889, "7": 0.7947777777777778, "8": 0.8176666666666667, "9": 0.8225555555555556, "micro": 0.7675555555555555}, {"0": 0.7637222222222222, "1": 0.8281111111111111, "2": 0.6764444444444444, "3": 0.6617222222222223, "4": 0.7358333333333333, "5": 0.7020555555555555, "6": 0.8380000000000001, "7": 0.7982222222222222, "8": 0.8647222222222223, "9": 0.8339444444444445, "micro": 0.7702777777777777}, {"0": 0.8049999999999999, "1": 0.8418888888888888, "2": 0.7216666666666667, "3": 0.6791666666666667, "4": 0.7651111111111111, "5": 0.7058333333333333, "6": 0.8402222222222222, "7": 0.7613333333333334, "8": 0.8356111111111111, "9": 0.8347222222222223, "micro": 0.7790555555555556}, {"0": 0.8062222222222222, "1": 0.8290555555555555, "2": 0.7536666666666667, "3": 0.6921111111111111, "4": 0.7558888888888889, "5": 0.7212222222222222, "6": 0.8242777777777778, "7": 0.8033888888888889, "8": 0.8386666666666667, "9": 0.829388888888889, "micro": 0.7853888888888889}, {"0": 0.7998333333333333, "1": 0.8561666666666667, "2": 0.736, "3": 0.6949444444444445, "4": 0.7564444444444445, "5": 0.7269444444444444, "6": 0.8267777777777777, "7": 0.7998333333333334, "8": 0.8598888888888888, "9": 0.8192777777777778, "micro": 0.7876111111111112}, {"0": 0.794, "1": 0.8347777777777776, "2": 0.7374444444444445, "3": 0.6991111111111111, "4": 0.7771111111111111, "5": 0.7451111111111111, "6": 0.8134444444444445, "7": 0.8201111111111111, "8": 0.8298333333333333, "9": 0.8379444444444444, "micro": 0.788888888888889}, {"0": 0.8152777777777779, "1": 0.8356111111111111, "2": 0.7332222222222222, "3": 0.7237777777777777, "4": 0.7561666666666668, "5": 0.7307777777777779, "6": 0.8189444444444444, "7": 0.7884444444444445, "8": 0.8536111111111112, "9": 0.8375, "micro": 0.7893333333333333}, {"0": 0.8076111111111111, "1": 0.836111111111111, "2": 0.7587222222222223, "3": 0.6786111111111112, "4": 0.7596111111111111, "5": 0.7367777777777778, "6": 0.8298333333333333, "7": 0.8019444444444445, "8": 0.8502777777777778, "9": 0.8360555555555556, "micro": 0.7895555555555556}, {"0": 0.8014444444444444, "1": 0.8444999999999999, "2": 0.7309444444444444, "3": 0.671888888888889, "4": 0.7664444444444445, "5": 0.7573888888888889, "6": 0.8480555555555556, "7": 0.8105, "8": 0.8512222222222223, "9": 0.8409444444444445, "micro": 0.7923333333333332}, {"0": 0.7933888888888888, "1": 0.8488888888888889, "2": 0.7106111111111111, "3": 0.6905, "4": 0.7774444444444445, "5": 0.7521666666666668, "6": 0.8322777777777778, "7": 0.8108333333333333, "8": 0.8447777777777777, "9": 0.8396666666666667, "micro": 0.7900555555555556}, {"0": 0.8101666666666668, "1": 0.8308333333333334, "2": 0.7336666666666667, "3": 0.7077777777777778, "4": 0.7673888888888889, "5": 0.7549444444444444, "6": 0.8354444444444443,