{"args": {"use_cuda": true, "train_batch_size": 256, "test_batch_size": 128, "lr": 0.001, "gamma": 0.2, "start_epoch": 1, "num_epochs": 50, "init_type": "None", "pooling_type": "max", "dropout_type": "spatial", "dropout_p": 0.5, "patience": 10, "tolerance": -0.0001, "do_train": true, "load_model": false, "model_name": "image_input_crop_28", "save_checkpoints": true, "save_model": true}, "metrics": {"train_time": 218.12145733833313, "train_loss": [1.8668178064482552, 1.6275679967841323, 1.5171467369916487, 1.4245698750019073, 1.3711615648804878, 1.3168993561851734, 1.2726455276109734, 1.243576201249142, 1.2134528458118439, 1.1991585645140435, 1.1246716179409806, 1.0955589279836537, 1.0968733177501329, 1.0776381805843236, 1.0671354666048167, 1.060770037526987, 1.061688946522012, 1.060726781888884, 1.04853747420165, 1.0446452346383308, 1.0283877779634631, 1.0189302840403147, 1.0170646160840988, 1.019950005472923, 1.0182464971226088, 1.0151469342562618, 1.0163206515871748, 1.0134232545993767, 1.0114697479471868, 1.0075300490977812, 1.0017305585194607, 1.012237741022694, 1.002187542161163, 1.0061171097414834, 1.0017050112388572, 1.0102729742624321, 1.015746224595576, 1.0003777325761563, 1.005546167188761, 1.0039682397428824], "train_acc": [30.186, 40.46, 44.98, 48.672, 50.784, 53.104, 54.496, 55.874, 56.8, 57.606, 60.452, 61.224, 61.066, 62.002, 62.224, 62.274, 62.396, 62.684, 62.938, 63.124, 63.682, 64.332, 64.066, 63.952, 64.18, 64.176, 64.4, 64.234, 64.154, 64.17, 64.546, 64.496, 64.752, 64.612, 64.684, 64.54, 64.03, 64.788, 64.492, 64.414], "test_acc": [39.37, 42.19, 47.12, 51.11, 51.72, 55.18, 56.05, 55.19, 57.88, 58.17, 60.3, 60.92, 61.47, 60.97, 62.13, 61.14, 61.92, 61.95, 62.55, 62.16, 62.7, 64.0, 63.56, 62.66, 63.21, 63.4, 63.68, 63.13, 63.4, 63.79, 64.24, 63.16, 63.46, 63.32, 63.35, 63.66, 62.97, 64.13, 63.34, 63.74], "test_loss": [1.646168360227271, 1.563303693940368, 1.4475230914127977, 1.3622837142099309, 1.3411800876448425, 1.2661432646497894, 1.2476737906661215, 1.272157272206077, 1.2014441429814207, 1.1858429546597637, 1.1306218263469165, 1.1141586937481844, 1.0988622300232513, 1.098887411099446, 1.0835264106340046, 1.0910432308535032, 1.0826507059833672, 1.0748089001148562, 1.062998181656946, 1.0751625933224642, 1.0490835746632348, 1.0499118717410896, 1.0386016783835013, 1.049502756776689, 1.0425498274308216, 1.0445612691625763, 1.0437329773661457, 1.0470869578892672, 1.0396025505246995, 1.0348759210562404, 1.0169376587565941, 1.0354044467588015, 1.0484518914283076, 1.0408828733842583, 1.0388911306103574, 1.0322056299523463, 1.0363470474375953, 1.0235008612463745, 1.0319066560721095, 1.0388759721683551], "roc_auc": [{"0": 0.7228888888888889, "1": 0.7225555555555556, "2": 0.6077777777777778, "3": 0.5864444444444444, "4": 0.5251666666666666, "5": 0.6825555555555556, "6": 0.7268333333333333, "7": 0.6895, "8": 0.6898333333333333, "9": 0.6781111111111111, "micro": 0.6631666666666667}, {"0": 0.6287222222222223, "1": 0.7191666666666666, "2": 0.5526666666666666, "3": 0.6159444444444445, "4": 0.6265, "5": 0.6465555555555556, "6": 0.7489444444444444, "7": 0.735, "8": 0.7702222222222223, "9": 0.7446111111111111, "micro": 0.6788333333333333}, {"0": 0.7367222222222221, "1": 0.798611111111111, "2": 0.6715555555555555, "3": 0.6758888888888889, "4": 0.6480555555555556, "5": 0.652611111111111, "6": 0.7293888888888888, "7": 0.7136666666666668, "8": 0.746611111111111, "9": 0.6891111111111111, "micro": 0.7062222222222222}, {"0": 0.7549444444444443, "1": 0.7863333333333333, "2": 0.6563888888888889, "3": 0.6205, "4": 0.7088888888888889, "5": 0.6761666666666666, "6": 0.8083888888888889, "7": 0.7538888888888889, "8": 0.7616111111111111, "9": 0.7567777777777779, "micro": 0.7283888888888889}, {"0": 0.7942777777777779, "1": 0.821111111111111, "2": 0.6693888888888889, "3": 0.6201666666666666, "4": 0.6588888888888889, "5": 0.7372222222222222, "6": 0.8035, "7": 0.7517777777777778, "8": 0.7223888888888889, "9": 0.7390555555555556, "micro": 0.7317777777777776}, {"0": 0.7474444444444444, "1": 0.7917777777777778, "2": 0.7128333333333332, "3": 0.6577777777777778, "4": 0.6947777777777778, "5": 0.673111111111111, "6": 0.8003333333333333, "7": 0.7802222222222222, "8": 0.8437777777777777, "9": 0.8079444444444445, "micro": 0.751}, {"0": 0.7203888888888889, "1": 0.7975555555555556, "2": 0.6849444444444445, "3": 0.644, "4": 0.7136666666666667, "5": 0.752388888888889, "6": 0.800611111111111, "7": 0.7895, "8": 0.8274444444444445, "9": 0.8278333333333334, "micro": 0.7558333333333334}, {"0": 0.7624444444444444, "1": 0.8148333333333334, "2": 0.7049444444444444, "3": 0.6501666666666667, "4": 0.738, "5": 0.6949444444444445, "6": 0.7072222222222222, "7": 0.7792222222222221, "8": 0.8484444444444444, "9": 0.8103333333333332, "micro": 0.7510555555555555}, {"0": 0.7523333333333333, "1": 0.8333333333333334, "2": 0.7341666666666667, "3": 0.6585000000000001, "4": 0.7087777777777777, "5": 0.708, "6": 0.8292777777777777, "7": 0.7958333333333333, "8": 0.8263333333333334, "9": 0.8134444444444444, "micro": 0.7660000000000001}, {"0": 0.7460555555555556, "1": 0.8248333333333333, "2": 0.6918333333333333, "3": 0.6790555555555555, "4": 0.743, "5": 0.7059444444444445, "6": 0.8095, "7": 0.7778888888888889, "8": 0.8604444444444445, "9": 0.8375555555555556, "micro": 0.7676111111111112}, {"0": 0.7912222222222223, "1": 0.8251111111111111, "2": 0.7241666666666666, "3": 0.6767222222222221, "4": 0.760888888888889, "5": 0.7166111111111111, "6": 0.8355, "7": 0.7785, "8": 0.844, "9": 0.8417222222222223, "micro": 0.7794444444444445}, {"0": 0.7820555555555555, "1": 0.8177777777777778, "2": 0.7481666666666668, "3": 0.6920000000000001, "4": 0.757, "5": 0.7197222222222223, "6": 0.8359444444444445, "7": 0.7871111111111111, "8": 0.8549444444444445, "9": 0.8341666666666666, "micro": 0.7828888888888889}, {"0": 0.8083888888888888, "1": 0.8474999999999999, "2": 0.7345555555555555, "3": 0.6857777777777777, "4": 0.7573333333333334, "5": 0.7197777777777777, "6": 0.8358888888888889, "7": 0.794611111111111, "8": 0.8623333333333334, "9": 0.8132777777777778, "micro": 0.7859444444444444}, {"0": 0.7983333333333335, "1": 0.8222777777777778, "2": 0.723, "3": 0.6903333333333332, "4": 0.7648333333333333, "5": 0.7538333333333332, "6": 0.7996666666666666, "7": 0.8126111111111111, "8": 0.8275555555555556, "9": 0.8392222222222223, "micro": 0.7831666666666667}, {"0": 0.8040555555555556, "1": 0.8273888888888888, "2": 0.7276666666666667, "3": 0.6972777777777778, "4": 0.770888888888889, "5": 0.759611111111111, "6": 0.8128333333333334, "7": 0.7941666666666668, "8": 0.858, "9": 0.8442222222222223, "micro": 0.789611111111111}, {"0": 0.7984999999999999, "1": 0.8397777777777777, "2": 0.7416666666666668, "3": 0.6630555555555556, "4": 0.7649444444444444, "5": 0.7243888888888889, "6": 0.8147222222222221, "7": 0.8096666666666666, "8": 0.8420555555555557, "9": 0.8423333333333333, "micro": 0.7841111111111112}, {"0": 0.8112777777777779, "1": 0.8332777777777778, "2": 0.7308333333333333, "3": 0.6686111111111112, "4": 0.765888888888889, "5": 0.746, "6": 0.8407777777777778, "7": 0.8080555555555556, "8": 0.8498333333333333, "9": 0.8298888888888888, "micro": 0.7884444444444445}, {"0": 0.7992222222222222, "1": 0.8516666666666667, "2": 0.7373888888888889, "3": 0.6818333333333333, "4": 0.7802222222222222, "5": 0.7403888888888888, "6": 0.8211666666666667, "7": 0.8041666666666667, "8": 0.8400555555555557, "9": 0.83, "micro": 0.7886111111111112}, {"0": 0.8066111111111111, "1": 0.8317777777777777, "2": 0.7287777777777779, "3": 0.6841111111111111, "4": 0.7732222222222223, "5": 0.7678888888888888, "6": 0.838111111111111, "7": 0.7898333333333334, "8": 0.8439444444444445, "9": 0.8551666666666667, "micro": 0.7919444444444443}, {"0": 0.797611111111111, "1": 0.8415555555555556, "2": 0.7497777777777778, "3": 0.6797222222222222, "4": 0.7618333333333334, "5": 0.7283888888888889, "6": 0.8357222222222221, "7": 0.8213333333333334, "8": 0.8559444444444444, "9": 0.8258888888888889,