{"args": {"use_cuda": true, "train_batch_size": 256, "test_batch_size": 128, "lr": 0.001, "gamma": 0.2, "start_epoch": 1, "num_epochs": 50, "init_type": "normal", "pooling_type": "max", "dropout_type": "spatial", "dropout_p": 0.5, "patience": 10, "tolerance": -0.0001, "do_train": true, "load_model": false, "model_name": "init_normal", "save_checkpoints": true, "save_model": true}, "metrics": {"train_time": 89.84571409225464, "train_loss": [2.1897584613488643, 1.878729299623139, 1.645932444504329, 1.4824433174668525, 1.3737295628810415, 1.2752984062749513, 1.1972549065035216, 1.12895291192191, 1.056187860515653, 1.009456135484637, 0.8913201461641156, 0.8586490573931713, 0.8410110826394996, 0.8191017146621432, 0.8030153397394686, 0.7934627061595723, 0.7784788921779516, 0.76470042278572, 0.7540168278679555, 0.7400356710565333, 0.7159430110941127], "train_acc": [17.612, 30.708, 39.308, 45.512, 50.192, 53.554, 56.938, 59.4, 62.082, 64.006, 67.98, 69.396, 69.842, 70.668, 71.05, 71.632, 72.13, 72.668, 73.218, 73.318, 74.372], "test_acc": [23.33, 37.89, 44.02, 48.43, 50.93, 55.51, 56.39, 57.6, 58.73, 59.93, 60.93, 61.33, 61.24, 61.42, 61.81, 61.77, 62.12, 61.86, 62.18, 62.33, 62.43], "test_loss": [2.030386816097211, 1.7024172363401968, 1.5232802161687538, 1.4039139551452444, 1.3641490891009946, 1.2469784051557131, 1.2224412930162647, 1.1948316474504108, 1.1664549014236354, 1.1397343376014806, 1.1143118195895907, 1.114960170999358, 1.1072488049917584, 1.111437837534313, 1.106662098365494, 1.108036920994143, 1.1072732466685622, 1.11046709893625, 1.1101588418212118, 1.1138090800635423, 1.1116272678858117], "roc_auc": [{"0": 0.6994444444444443, "1": 0.5107777777777778, "2": 0.5002777777777777, "3": 0.5005555555555554, "4": 0.49927777777777776, "5": 0.6225555555555556, "6": 0.5059999999999999, "7": 0.5884444444444444, "8": 0.6749999999999999, "9": 0.6382222222222224, "micro": 0.5740555555555557}, {"0": 0.7021111111111111, "1": 0.7192222222222222, "2": 0.5573333333333333, "3": 0.5503333333333333, "4": 0.6357222222222223, "5": 0.6432222222222223, "6": 0.6347777777777777, "7": 0.6905, "8": 0.7423333333333333, "9": 0.673888888888889, "micro": 0.6549444444444444}, {"0": 0.7660555555555555, "1": 0.7835555555555556, "2": 0.5747222222222222, "3": 0.5646111111111112, "4": 0.5968888888888888, "5": 0.6694444444444444, "6": 0.7417222222222223, "7": 0.7384444444444445, "8": 0.7418888888888889, "9": 0.7126666666666667, "micro": 0.689}, {"0": 0.7865000000000001, "1": 0.7959999999999999, "2": 0.6146666666666666, "3": 0.612388888888889, "4": 0.6494444444444444, "5": 0.6273333333333334, "6": 0.7436111111111112, "7": 0.7656666666666667, "8": 0.7778888888888889, "9": 0.7615, "micro": 0.7135}, {"0": 0.7951666666666667, "1": 0.8141111111111111, "2": 0.5911666666666667, "3": 0.6352777777777778, "4": 0.6572222222222222, "5": 0.6714444444444444, "6": 0.7575000000000001, "7": 0.770888888888889, "8": 0.8011666666666667, "9": 0.7799444444444444, "micro": 0.7273888888888889}, {"0": 0.7979999999999999, "1": 0.8360555555555556, "2": 0.6771111111111111, "3": 0.6501111111111112, "4": 0.6822777777777778, "5": 0.6844444444444444, "6": 0.8085555555555555, "7": 0.7686666666666666, "8": 0.8414999999999999, "9": 0.7816111111111111, "micro": 0.7528333333333332}, {"0": 0.8041666666666668, "1": 0.8637222222222222, "2": 0.6730555555555555, "3": 0.6155555555555556, "4": 0.7195555555555555, "5": 0.6990555555555557, "6": 0.7748333333333334, "7": 0.8048888888888889, "8": 0.8344999999999999, "9": 0.7878888888888887, "micro": 0.7577222222222222}, {"0": 0.7862222222222223, "1": 0.8402222222222223, "2": 0.7020555555555555, "3": 0.672611111111111, "4": 0.6866111111111111, "5": 0.7240555555555556, "6": 0.7976111111111112, "7": 0.7880555555555555, "8": 0.8313333333333334, "9": 0.8156666666666667, "micro": 0.7644444444444445}, {"0": 0.7933888888888888, "1": 0.8647222222222222, "2": 0.7006111111111111, "3": 0.6201666666666666, "4": 0.7351666666666666, "5": 0.7271666666666666, "6": 0.8309444444444445, "7": 0.8164444444444444, "8": 0.8322777777777777, "9": 0.7863333333333333, "micro": 0.7707222222222222}, {"0": 0.817, "1": 0.8517222222222223, "2": 0.7228333333333332, "3": 0.6855, "4": 0.7179444444444444, "5": 0.7041666666666666, "6": 0.8088333333333334, "7": 0.7960555555555556, "8": 0.8526666666666667, "9": 0.8171666666666667, "micro": 0.7773888888888888}, {"0": 0.8262222222222223, "1": 0.8585, "2": 0.7102777777777779, "3": 0.6677777777777779, "4": 0.7289444444444444, "5": 0.7176666666666667, "6": 0.8317777777777778, "7": 0.8197777777777778, "8": 0.8471666666666667, "9": 0.8213333333333332, "micro": 0.7829444444444444}, {"0": 0.8227777777777778, "1": 0.8600555555555557, "2": 0.703388888888889, "3": 0.6883333333333332, "4": 0.7199444444444445, "5": 0.7322777777777778, "6": 0.8347777777777777, "7": 0.8105555555555556, "8": 0.8496666666666667, "9": 0.8298888888888889, "micro": 0.7851666666666667}, {"0": 0.8263333333333334, "1": 0.8698333333333333, "2": 0.7043333333333334, "3": 0.6674444444444445, "4": 0.7318333333333333, "5": 0.7252222222222221, "6": 0.8273333333333334, "7": 0.8290555555555557, "8": 0.840111111111111, "9": 0.8251666666666666, "micro": 0.7846666666666667}, {"0": 0.8311111111111111, "1": 0.8586666666666667, "2": 0.7011666666666667, "3": 0.6714999999999999, "4": 0.7308333333333333, "5": 0.735111111111111, "6": 0.8222222222222222, "7": 0.8353888888888888, "8": 0.8440555555555556, "9": 0.8266111111111111, "micro": 0.7856666666666666}, {"0": 0.8217222222222222, "1": 0.866, "2": 0.7046666666666668, "3": 0.6769999999999999, "4": 0.7363888888888889, "5": 0.7358333333333333, "6": 0.8297777777777777, "7": 0.8286111111111111, "8": 0.8477222222222223, "9": 0.8306111111111111, "micro": 0.7878333333333334}, {"0": 0.8304999999999999, "1": 0.8759444444444445, "2": 0.7028333333333334, "3": 0.6706666666666666, "4": 0.7363888888888889, "5": 0.725111111111111, "6": 0.8396111111111111, "7": 0.824388888888889, "8": 0.8521666666666666, "9": 0.8185, "micro": 0.7876111111111112}, {"0": 0.8332777777777778, "1": 0.8575, "2": 0.7142222222222223, "3": 0.6764444444444444, "4": 0.7408333333333333, "5": 0.7325, "6": 0.8284999999999999, "7": 0.8303333333333334, "8": 0.8491666666666666, "9": 0.8327777777777778, "micro": 0.7895555555555556}, {"0": 0.8255555555555556, "1": 0.8585555555555555, "2": 0.7202222222222222, "3": 0.6767777777777778, "4": 0.7436666666666667, "5": 0.7392777777777778, "6": 0.8220000000000001, "7": 0.8280555555555557, "8": 0.8392222222222222, "9": 0.8277777777777777, "micro": 0.7881111111111111}, {"0": 0.8345555555555555, "1": 0.8726666666666666, "2": 0.7146111111111111, "3": 0.6842777777777778, "4": 0.7362777777777778, "5": 0.719, "6": 0.8343888888888888, "7": 0.8275, "8": 0.8463888888888889, "9": 0.8292222222222222, "micro": 0.7898888888888889}, {"0": 0.8337222222222221, "1": 0.8622777777777777, "2": 0.7166666666666667, "3": 0.6773333333333333, "4": 0.7421666666666666, "5": 0.7398333333333333, "6": 0.8257222222222221, "7": 0.8268888888888888, "8": 0.8603888888888888, "9": 0.8222222222222222, "micro": 0.7907222222222222}, {"0": 0.8293333333333333, "1": 0.8676111111111112, "2": 0.7212777777777778, "3": 0.6869999999999999, "4": 0.7397777777777778, "5": 0.7342222222222222, "6": 0.8267222222222222, "7": 0.8245555555555557, "8": 0.8541666666666667, "9": 0.828111111111111, "micro": 0.7912777777777776}]}}