{"args": {"use_cuda": true, "train_batch_size": 256, "test_batch_size": 128, "lr": 0.001, "gamma": 0.2, "start_epoch": 1, "num_epochs": 50, "init_type": "uniform", "pooling_type": "max", "dropout_type": "spatial", "dropout_p": 0.5, "patience": 10, "tolerance": -0.0001, "do_train": true, "load_model": false, "model_name": "init_uni", "save_checkpoints": true, "save_model": true}, "metrics": {"train_time": 84.34086775779724, "train_loss": [1.6337552198341914, 1.2253531290560353, 1.0487495216788079, 0.9166552108161303, 0.8398859385324984, 0.7563591553848616, 0.7103044986724854, 0.6569578176250264, 0.6197002019201007, 0.5739032688493632, 0.46540324329113475, 0.43465149767544803, 0.4192700089544666, 0.4076118160571371, 0.3972952384121564, 0.3877601314868246, 0.3760788770658629, 0.36514331833744534, 0.3545352611310628], "train_acc": [39.79, 56.042, 62.994, 67.58, 70.294, 73.136, 75.09, 76.904, 78.268, 79.8, 83.67, 84.718, 85.16, 85.684, 86.036, 86.286, 86.654, 87.094, 87.32], "test_acc": [53.18, 60.98, 63.62, 68.1, 70.34, 72.1, 74.31, 74.19, 74.43, 74.76, 76.72, 77.13, 76.85, 76.94, 76.93, 77.13, 77.11, 76.65, 77.13], "test_loss": [1.2896991183486166, 1.1061135930351065, 1.0347836591020416, 0.9110267599926719, 0.8494450200962115, 0.8088601239119904, 0.7555584839627713, 0.7592503141753281, 0.7577814603153663, 0.7326380799088297, 0.6925598054747039, 0.6935833156863346, 0.6941934801355193, 0.6968403228476078, 0.7017915984497795, 0.7049945260905013, 0.7075991962529435, 0.7202889749520942, 0.7147844848753531], "roc_auc": [{"0": 0.7825555555555557, "1": 0.8308888888888889, "2": 0.5970000000000001, "3": 0.6295555555555555, "4": 0.6927777777777777, "5": 0.6955555555555556, "6": 0.8116666666666668, "7": 0.7986666666666666, "8": 0.7555000000000001, "9": 0.8047222222222222, "micro": 0.7398888888888889}, {"0": 0.8101666666666668, "1": 0.8462222222222223, "2": 0.7155, "3": 0.6586111111111111, "4": 0.7337222222222223, "5": 0.732388888888889, "6": 0.8468888888888888, "7": 0.8069444444444445, "8": 0.8984444444444445, "9": 0.7833333333333333, "micro": 0.7832222222222222}, {"0": 0.8493333333333334, "1": 0.8112222222222223, "2": 0.7428888888888889, "3": 0.7157777777777777, "4": 0.7215, "5": 0.7946111111111113, "6": 0.798611111111111, "7": 0.8214999999999999, "8": 0.8815, "9": 0.8419444444444445, "micro": 0.7978888888888889}, {"0": 0.8425555555555556, "1": 0.8597777777777778, "2": 0.7334999999999999, "3": 0.7296111111111111, "4": 0.788, "5": 0.7963333333333333, "6": 0.8451111111111111, "7": 0.8641666666666667, "8": 0.885888888888889, "9": 0.8828333333333334, "micro": 0.8227777777777778}, {"0": 0.866388888888889, "1": 0.8588888888888888, "2": 0.7888333333333333, "3": 0.7487777777777778, "4": 0.7963333333333333, "5": 0.7728333333333333, "6": 0.861, "7": 0.8587222222222223, "8": 0.9299999999999999, "9": 0.8704444444444445, "micro": 0.8352222222222223}, {"0": 0.8932222222222221, "1": 0.8960555555555557, "2": 0.7847222222222222, "3": 0.7752222222222223, "4": 0.8113333333333334, "5": 0.7621111111111111, "6": 0.9082777777777779, "7": 0.853, "8": 0.9015555555555556, "9": 0.8645, "micro": 0.845}, {"0": 0.8978333333333334, "1": 0.914888888888889, "2": 0.7935555555555556, "3": 0.7145555555555556, "4": 0.855, "5": 0.8171111111111111, "6": 0.9053888888888889, "7": 0.8647777777777779, "8": 0.9199999999999999, "9": 0.8896666666666666, "micro": 0.8572777777777778}, {"0": 0.8965555555555557, "1": 0.9207777777777778, "2": 0.7882222222222222, "3": 0.7257222222222222, "4": 0.8497777777777779, "5": 0.797888888888889, "6": 0.9195, "7": 0.8673888888888888, "8": 0.9157777777777778, "9": 0.8845000000000001, "micro": 0.8566111111111111}, {"0": 0.904611111111111, "1": 0.9418888888888889, "2": 0.7712222222222221, "3": 0.7501111111111111, "4": 0.8465555555555555, "5": 0.8186666666666667, "6": 0.8876111111111111, "7": 0.884888888888889, "8": 0.915111111111111, "9": 0.8587777777777778, "micro": 0.8579444444444444}, {"0": 0.8864444444444445, "1": 0.9011111111111112, "2": 0.7938888888888889, "3": 0.77, "4": 0.8227777777777778, "5": 0.8204444444444444, "6": 0.8867222222222222, "7": 0.8884444444444444, "8": 0.9017777777777777, "9": 0.9261666666666668, "micro": 0.8597777777777779}, {"0": 0.9081111111111111, "1": 0.9294999999999999, "2": 0.8092222222222223, "3": 0.7809999999999999, "4": 0.8468333333333333, "5": 0.8167222222222222, "6": 0.9024444444444444, "7": 0.8963888888888889, "8": 0.9177222222222221, "9": 0.8987222222222222, "micro": 0.8706666666666666}, {"0": 0.8897222222222223, "1": 0.9222777777777778, "2": 0.8187222222222222, "3": 0.775611111111111, "4": 0.8525, "5": 0.8326666666666667, "6": 0.9021111111111111, "7": 0.8967222222222222, "8": 0.9312777777777778, "9": 0.9078333333333334, "micro": 0.8729444444444445}, {"0": 0.8992777777777776, "1": 0.9173888888888888, "2": 0.8198888888888889, "3": 0.7862222222222222, "4": 0.8457222222222223, "5": 0.8188333333333333, "6": 0.9087777777777778, "7": 0.8819444444444445, "8": 0.9245, "9": 0.9113333333333333, "micro": 0.8713888888888889}, {"0": 0.9051111111111111, "1": 0.9162777777777776, "2": 0.8246666666666667, "3": 0.7785555555555557, "4": 0.8546666666666667, "5": 0.8182222222222223, "6": 0.9033888888888889, "7": 0.8891666666666665, "8": 0.9212222222222222, "9": 0.907611111111111, "micro": 0.8718888888888889}, {"0": 0.9013333333333333, "1": 0.9308888888888889, "2": 0.8068333333333334, "3": 0.7835555555555556, "4": 0.8549444444444444, "5": 0.8173333333333334, "6": 0.9183333333333333, "7": 0.8817222222222223, "8": 0.9216111111111112, "9": 0.9017777777777777, "micro": 0.8718333333333332}, {"0": 0.8985555555555556, "1": 0.9279444444444445, "2": 0.8161666666666666, "3": 0.778, "4": 0.861611111111111, "5": 0.8199444444444445, "6": 0.9130555555555556, "7": 0.8901666666666667, "8": 0.9253888888888888, "9": 0.8986111111111111, "micro": 0.8729444444444445}, {"0": 0.894, "1": 0.9282777777777778, "2": 0.8034444444444444, "3": 0.792111111111111, "4": 0.8641111111111112, "5": 0.8063333333333333, "6": 0.9193888888888889, "7": 0.8946111111111111, "8": 0.9249999999999999, "9": 0.9010555555555556, "micro": 0.8728333333333335}, {"0": 0.9092222222222223, "1": 0.9300555555555556, "2": 0.7881111111111111, "3": 0.7716666666666667, "4": 0.8328888888888888, "5": 0.8412777777777778, "6": 0.9227222222222222, "7": 0.8876666666666666, "8": 0.9171111111111111, "9": 0.9020555555555556, "micro": 0.8702777777777777}, {"0": 0.9027777777777777, "1": 0.9305, "2": 0.8121666666666668, "3": 0.7646666666666667, "4": 0.8540000000000001, "5": 0.8285, "6": 0.9105, "7": 0.8966666666666667, "8": 0.9207222222222222, "9": 0.9089444444444444, "micro": 0.8729444444444445}]}}