{"args": {"use_cuda": true, "train_batch_size": 256, "test_batch_size": 128, "lr": 0.001, "gamma": 0.5, "start_epoch": 1, "num_epochs": 50, "init_type": "normal", "pooling_type": "max", "dropout_type": "spatial", "dropout_p": 0.5, "patience": 10, "tolerance": -0.0001, "do_train": true, "load_model": false, "model_name": "init_normal_new", "save_checkpoints": true, "save_model": true}, "metrics": {"train_time": 95.04270029067993, "train_loss": [1.8008598028397074, 1.3958630379365415, 1.1897119888845755, 1.0512065799260626, 0.9360318612687442, 0.8539809812696613, 0.7835280530306757, 0.7356368805072746, 0.6939052845142326, 0.6551778745286319, 0.5661274158224767, 0.5377166243840237, 0.5211026624453311, 0.5028971246614748, 0.48698766331891624, 0.46759973405575267, 0.45335955689756235, 0.4384784798841087, 0.4236017401729311, 0.41512224610362736, 0.36780849388059306, 0.3544877507552809], "train_acc": [32.638, 48.872, 57.242, 62.564, 66.768, 69.774, 72.356, 74.212, 75.72, 77.038, 80.012, 81.052, 81.626, 82.254, 82.944, 83.618, 84.02, 84.58, 85.118, 85.44, 87.018, 87.414], "test_acc": [45.53, 54.57, 58.0, 64.24, 67.41, 70.08, 71.46, 72.27, 73.44, 74.7, 75.89, 75.25, 75.76, 76.02, 76.41, 76.94, 76.54, 76.22, 76.84, 77.01, 77.04, 76.97], "test_loss": [1.474038065234317, 1.2678515171702904, 1.1461856206761132, 1.0009270076510273, 0.9123641961737524, 0.8690664760674103, 0.8166404713558245, 0.798879086971283, 0.7626514910142633, 0.7269865908200228, 0.707269704794582, 0.7341378485854668, 0.722617801231674, 0.7191507371166085, 0.7188879994651939, 0.691731368439107, 0.7018440946747985, 0.7223302891737298, 0.7194216885144198, 0.7068551888194265, 0.7257204429258274, 0.738268915988222], "roc_auc": [{"0": 0.7244444444444444, "1": 0.714388888888889, "2": 0.586, "3": 0.5867777777777778, "4": 0.6495555555555556, "5": 0.7356111111111111, "6": 0.7087777777777778, "7": 0.7348333333333333, "8": 0.7573888888888889, "9": 0.7761111111111111, "micro": 0.697388888888889}, {"0": 0.6992222222222222, "1": 0.833388888888889, "2": 0.6585000000000001, "3": 0.6216666666666667, "4": 0.6718888888888889, "5": 0.709, "6": 0.8643333333333333, "7": 0.786888888888889, "8": 0.8272222222222222, "9": 0.8039999999999999, "micro": 0.7476111111111112}, {"0": 0.802888888888889, "1": 0.7773888888888889, "2": 0.7298888888888889, "3": 0.6828333333333333, "4": 0.7223333333333334, "5": 0.7356666666666667, "6": 0.8021111111111111, "7": 0.8339999999999999, "8": 0.7185555555555555, "9": 0.861, "micro": 0.7666666666666667}, {"0": 0.8755, "1": 0.8841666666666668, "2": 0.7366666666666668, "3": 0.6880555555555555, "4": 0.6933333333333334, "5": 0.7400555555555556, "6": 0.8648888888888888, "7": 0.8102777777777778, "8": 0.8764444444444446, "9": 0.8439444444444445, "micro": 0.8013333333333332}, {"0": 0.8690555555555555, "1": 0.8977222222222222, "2": 0.7698333333333333, "3": 0.7312777777777778, "4": 0.7324999999999999, "5": 0.7148888888888889, "6": 0.9015555555555557, "7": 0.8282222222222222, "8": 0.8728888888888888, "9": 0.8715, "micro": 0.8189444444444445}, {"0": 0.8897777777777778, "1": 0.9329444444444445, "2": 0.7598333333333334, "3": 0.7046666666666668, "4": 0.7673888888888889, "5": 0.7907222222222222, "6": 0.8788333333333334, "7": 0.8609444444444444, "8": 0.889888888888889, "9": 0.8627777777777776, "micro": 0.8337777777777778}, {"0": 0.9012222222222221, "1": 0.9199999999999999, "2": 0.7976111111111112, "3": 0.7001111111111111, "4": 0.8181111111111111, "5": 0.7979444444444446, "6": 0.8599444444444445, "7": 0.8594999999999999, "8": 0.9002777777777778, "9": 0.8597222222222222, "micro": 0.8414444444444443}, {"0": 0.8711666666666666, "1": 0.8916666666666665, "2": 0.7842777777777777, "3": 0.7955555555555557, "4": 0.818, "5": 0.7406666666666667, "6": 0.8758333333333334, "7": 0.8693888888888889, "8": 0.9033888888888889, "9": 0.9094999999999999, "micro": 0.8459444444444445}, {"0": 0.8807222222222222, "1": 0.9247777777777776, "2": 0.7611111111111111, "3": 0.7140555555555556, "4": 0.8495555555555555, "5": 0.8009444444444445, "6": 0.9109999999999999, "7": 0.8874444444444445, "8": 0.8920555555555556, "9": 0.9027777777777778, "micro": 0.8524444444444444}, {"0": 0.8915555555555557, "1": 0.9302222222222223, "2": 0.798, "3": 0.774, "4": 0.8463333333333333, "5": 0.7607222222222222, "6": 0.8998333333333333, "7": 0.8772777777777777, "8": 0.9089999999999999, "9": 0.9075, "micro": 0.8594444444444445}, {"0": 0.9053888888888888, "1": 0.9273333333333333, "2": 0.8214444444444444, "3": 0.7723888888888889, "4": 0.8340555555555556, "5": 0.7806666666666668, "6": 0.9086666666666667, "7": 0.8746111111111111, "8": 0.9223333333333333, "9": 0.9136666666666665, "micro": 0.8660555555555556}, {"0": 0.8919444444444445, "1": 0.9175000000000001, "2": 0.7975555555555556, "3": 0.7628888888888888, "4": 0.8266111111111111, "5": 0.8332222222222222, "6": 0.9055555555555557, "7": 0.8868888888888888, "8": 0.8998333333333335, "9": 0.903, "micro": 0.8624999999999999}, {"0": 0.8935555555555555, "1": 0.9279444444444445, "2": 0.8181111111111111, "3": 0.7441111111111111, "4": 0.8441666666666667, "5": 0.8392222222222222, "6": 0.9035555555555556, "7": 0.8847777777777778, "8": 0.8849444444444445, "9": 0.9129444444444446, "micro": 0.8653333333333333}, {"0": 0.8972777777777777, "1": 0.9300555555555556, "2": 0.7911666666666667, "3": 0.7526111111111111, "4": 0.8462222222222221, "5": 0.8337777777777778, "6": 0.9020555555555555, "7": 0.9055, "8": 0.9006111111111111, "9": 0.9085000000000001, "micro": 0.8667777777777778}, {"0": 0.8863333333333334, "1": 0.921111111111111, "2": 0.8148333333333334, "3": 0.7598333333333334, "4": 0.8758888888888889, "5": 0.8220555555555557, "6": 0.8891111111111111, "7": 0.8887777777777777, "8": 0.9155555555555556, "9": 0.9159444444444444, "micro": 0.8689444444444445}, {"0": 0.8892777777777777, "1": 0.9372222222222223, "2": 0.8056111111111111, "3": 0.7679444444444444, "4": 0.8777777777777778, "5": 0.8229444444444445, "6": 0.9052777777777777, "7": 0.8761666666666665, "8": 0.9291111111111112, "9": 0.9075555555555556, "micro": 0.8718888888888889}, {"0": 0.8867222222222222, "1": 0.9337777777777777, "2": 0.8096666666666668, "3": 0.7641111111111111, "4": 0.8660555555555555, "5": 0.8357777777777778, "6": 0.9038333333333334, "7": 0.8698333333333333, "8": 0.9207777777777778, "9": 0.906111111111111, "micro": 0.8696666666666667}, {"0": 0.881388888888889, "1": 0.8907222222222223, "2": 0.7930555555555555, "3": 0.7760555555555556, "4": 0.8775555555555556, "5": 0.7925555555555556, "6": 0.9133888888888889, "7": 0.8928888888888888, "8": 0.9295000000000001, "9": 0.9317777777777778, "micro": 0.8678888888888889}, {"0": 0.8966666666666667, "1": 0.9133333333333333, "2": 0.8215, "3": 0.7751666666666667, "4": 0.8582222222222222, "5": 0.8011111111111111, "6": 0.8949444444444445, "7": 0.8944444444444445, "8": 0.9273888888888889, "9": 0.9305555555555556, "micro": 0.8713333333333333}, {"0": 0.9006666666666667, "1": 0.9272222222222222, "2": 0.8168888888888889, "3": 0.7896111111111112, "4": 0.8583888888888888, "5": 0.8031111111111111, "6": 0.8946666666666666, "7": 0.883611111111111, "8": 0.9332222222222222, "9": 0.9153888888888888, "micro": 0.8722777777777778}, {"0": 0.902, "1": 0.9241666666666667, "2": 0.813111111111111, "3": 0.7810555555555556, "4": 0.8567222222222222, "5": 0.8198888888888888, "6": 0.8927777777777778, "7": 0.8941666666666667, "8": 0.9298333333333333, "9": 0.9107222222222222, "micro": 0.8724444444444444}, {"0": 0.8931666666666669, "1": 0.9336111111111111, "2": 0.8085, "3": 0.765, "4": 0.8528333333333333, "5": 0.8367222222222221, "6": 0.9051666666666667, "7": 0.8947777777777778, "8": 0.909, "9": 0.9217777777777778, "micro": 0.8720555555555556}]}}