{"args": {"use_cuda": true, "train_batch_size": 256, "test_batch_size": 128, "lr": 0.001, "gamma": 0.2, "start_epoch": 1, "num_epochs": 50, "init_type": "xavier", "pooling_type": "max", "dropout_type": "spatial", "dropout_p": 0.5, "patience": 10, "tolerance": -0.0001, "do_train": true, "load_model": false, "model_name": "init_xavier", "save_checkpoints": true, "save_model": true}, "metrics": {"train_time": 80.89912605285645, "train_loss": [1.6059347561427526, 1.1741375932279898, 0.9871238430543822, 0.8744840354335551, 0.7867302110000532, 0.7218998889533841, 0.6648536443102117, 0.6216196203414275, 0.5740855427420869, 0.5362281046655714, 0.4199398838135661, 0.39028421150786535, 0.3780489763130947, 0.3627098340313045, 0.3502996254484264, 0.33871738658267625, 0.32475688810251196, 0.32030865025459504, 0.303859930485487], "train_acc": [41.396, 58.032, 65.048, 69.306, 72.29, 74.736, 76.576, 78.1, 79.726, 80.974, 85.17, 86.39, 86.578, 87.266, 87.746, 88.124, 88.492, 88.892, 89.248], "test_acc": [53.75, 64.01, 66.98, 69.33, 70.91, 73.36, 72.3, 74.0, 74.09, 74.9, 77.09, 77.19, 77.15, 77.39, 77.2, 77.43, 77.46, 77.41, 77.07], "test_loss": [1.278423297254345, 1.0246766307685948, 0.9309781269182132, 0.8706189673158187, 0.843174830267701, 0.7831477990633324, 0.808806672126432, 0.7663659411895124, 0.7699187247059013, 0.7428374811063839, 0.7070272470576854, 0.7180862400350692, 0.7203967771198176, 0.7203828435909899, 0.7290069309971, 0.7333638603928723, 0.7348946993109546, 0.7449684731567963, 0.7631944097295592], "roc_auc": [{"0": 0.8056111111111111, "1": 0.732611111111111, "2": 0.6768333333333333, "3": 0.6376666666666667, "4": 0.6432777777777778, "5": 0.7047777777777778, "6": 0.8397777777777778, "7": 0.7629444444444445, "8": 0.8163333333333332, "9": 0.8107222222222222, "micro": 0.7430555555555556}, {"0": 0.8265555555555556, "1": 0.8659444444444445, "2": 0.7630555555555556, "3": 0.6791111111111111, "4": 0.7488888888888888, "5": 0.7326666666666667, "6": 0.8306111111111112, "7": 0.8416666666666667, "8": 0.8836666666666667, "9": 0.8283888888888888, "micro": 0.8000555555555555}, {"0": 0.842, "1": 0.8025555555555557, "2": 0.7518888888888889, "3": 0.7069444444444445, "4": 0.7907777777777779, "5": 0.772611111111111, "6": 0.8746666666666668, "7": 0.8660000000000001, "8": 0.8672222222222223, "9": 0.8908888888888888, "micro": 0.8165555555555555}, {"0": 0.8657777777777779, "1": 0.8455, "2": 0.7772222222222221, "3": 0.7188888888888889, "4": 0.7486111111111111, "5": 0.7869444444444444, "6": 0.8969999999999999, "7": 0.8666666666666667, "8": 0.8798888888888889, "9": 0.909611111111111, "micro": 0.8296111111111111}, {"0": 0.8260555555555557, "1": 0.9217222222222222, "2": 0.7823333333333333, "3": 0.7304999999999999, "4": 0.8514444444444444, "5": 0.6915555555555556, "6": 0.876611111111111, "7": 0.8842222222222222, "8": 0.9302777777777779, "9": 0.8891666666666667, "micro": 0.8383888888888887}, {"0": 0.8796111111111112, "1": 0.9302222222222222, "2": 0.8108333333333333, "3": 0.7316111111111111, "4": 0.8127222222222222, "5": 0.7633888888888889, "6": 0.9084444444444445, "7": 0.8980555555555556, "8": 0.9086111111111111, "9": 0.8765000000000001, "micro": 0.852}, {"0": 0.8855555555555557, "1": 0.9439444444444445, "2": 0.7903888888888888, "3": 0.719111111111111, "4": 0.7819444444444444, "5": 0.8361111111111111, "6": 0.8756666666666666, "7": 0.8767777777777778, "8": 0.8763333333333333, "9": 0.8752777777777777, "micro": 0.846111111111111}, {"0": 0.8787222222222223, "1": 0.9471111111111111, "2": 0.8284444444444443, "3": 0.7172777777777778, "4": 0.8331666666666666, "5": 0.8121111111111111, "6": 0.9017222222222222, "7": 0.8944444444444444, "8": 0.9002777777777778, "9": 0.8422777777777777, "micro": 0.8555555555555555}, {"0": 0.9035555555555556, "1": 0.9343333333333335, "2": 0.7652222222222222, "3": 0.7556111111111111, "4": 0.8538888888888888, "5": 0.7647222222222222, "6": 0.9264444444444445, "7": 0.8473888888888889, "8": 0.9259999999999999, "9": 0.8833888888888889, "micro": 0.8560555555555556}, {"0": 0.8822777777777777, "1": 0.9325, "2": 0.8266666666666667, "3": 0.7659444444444444, "4": 0.8549999999999999, "5": 0.7694444444444446, "6": 0.8841111111111112, "7": 0.8751666666666666, "8": 0.9295555555555556, "9": 0.8848888888888888, "micro": 0.8605555555555556}, {"0": 0.893388888888889, "1": 0.9348333333333334, "2": 0.8302777777777779, "3": 0.7621111111111111, "4": 0.8437777777777777, "5": 0.8191666666666668, "6": 0.918888888888889, "7": 0.8947222222222223, "8": 0.9262222222222223, "9": 0.9038333333333333, "micro": 0.8727222222222223}, {"0": 0.8958888888888888, "1": 0.9299444444444445, "2": 0.8362222222222222, "3": 0.7657777777777778, "4": 0.8578333333333333, "5": 0.8054444444444445, "6": 0.9219999999999999, "7": 0.8942222222222223, "8": 0.9273888888888889, "9": 0.8980555555555557, "micro": 0.8732777777777779}, {"0": 0.9129999999999999, "1": 0.9260555555555556, "2": 0.8202777777777777, "3": 0.7681666666666668, "4": 0.8528888888888888, "5": 0.8047222222222222, "6": 0.9085000000000001, "7": 0.9037777777777777, "8": 0.9208888888888889, "9": 0.9122777777777777, "micro": 0.8730555555555556}, {"0": 0.8962777777777776, "1": 0.9348333333333334, "2": 0.8289444444444444, "3": 0.7595000000000001, "4": 0.8620555555555556, "5": 0.8080555555555556, "6": 0.9200555555555556, "7": 0.8975555555555556, "8": 0.9212222222222223, "9": 0.9153888888888888, "micro": 0.8743888888888888}, {"0": 0.8941666666666668, "1": 0.9338888888888889, "2": 0.8249444444444445, "3": 0.7764444444444445, "4": 0.8526666666666667, "5": 0.8123333333333334, "6": 0.9210555555555557, "7": 0.8932222222222223, "8": 0.9202777777777778, "9": 0.9043333333333333, "micro": 0.8733333333333334}, {"0": 0.8987222222222222, "1": 0.9313888888888889, "2": 0.8304444444444444, "3": 0.7764444444444444, "4": 0.8426111111111111, "5": 0.8307222222222221, "6": 0.9019999999999999, "7": 0.9000555555555555, "8": 0.9261111111111111, "9": 0.907611111111111, "micro": 0.8746111111111111}, {"0": 0.907, "1": 0.9256666666666666, "2": 0.8223888888888888, "3": 0.784611111111111, "4": 0.8475, "5": 0.8023333333333333, "6": 0.9199444444444443, "7": 0.8957222222222222, "8": 0.9314444444444445, "9": 0.9111666666666666, "micro": 0.8747777777777778}, {"0": 0.8951666666666667, "1": 0.9289444444444444, "2": 0.8349444444444445, "3": 0.7707777777777779, "4": 0.8501666666666667, "5": 0.8035, "6": 0.9258333333333333, "7": 0.8932222222222223, "8": 0.9321666666666666, "9": 0.9102777777777777, "micro": 0.8744999999999999}, {"0": 0.8963888888888889, "1": 0.9210555555555556, "2": 0.838388888888889, "3": 0.7730555555555555, "4": 0.8558333333333334, "5": 0.8022777777777779, "6": 0.9053888888888888, "7": 0.886611111111111, "8": 0.9378888888888889, "9": 0.9092222222222222, "micro": 0.8726111111111111}]}}