{"args": {"use_cuda": true, "train_batch_size": 256, "test_batch_size": 128, "lr": 0.0005, "gamma": 0.2, "start_epoch": 1, "num_epochs": 50, "init_type": "None", "pooling_type": "max", "dropout_type": "spatial", "dropout_p": 0.5, "patience": 10, "tolerance": -0.0001, "do_train": true, "load_model": false, "model_name": "lr_0005", "save_checkpoints": true, "save_model": true}, "metrics": {"train_time": 162.6670753955841, "train_loss": [1.7098186423583908, 1.3467037866310196, 1.166360856927171, 1.0523331448131679, 0.9644619074403024, 0.9006950110197067, 0.8394103555046782, 0.8010793568528428, 0.7518889423535795, 0.7197931378471608, 0.6380931686381904, 0.6264696142503193, 0.6129612121350911, 0.6037265510887516, 0.591921150532304, 0.5912544193620585, 0.5775397369752124, 0.5739933503221493, 0.5658298099831659, 0.5569318599846899, 0.5381752179593456, 0.5322973408869335, 0.530885677252497, 0.5278268435171672, 0.5253904203371126, 0.5250084391053842, 0.5244421528614297, 0.5185572208494557, 0.5219177714720065, 0.5180238366735225, 0.5121894995776974, 0.5131119222057109, 0.5149298045708208, 0.5115852260163852, 0.5146566407412899, 0.5104304886594111, 0.5111811366312358, 0.5112814459265494], "train_acc": [37.124, 51.332, 58.006, 62.42, 65.668, 68.014, 70.316, 71.696, 73.55, 74.6, 77.796, 77.852, 78.496, 78.792, 79.128, 79.246, 79.598, 79.814, 80.102, 80.352, 81.176, 81.42, 81.39, 81.406, 81.686, 81.492, 81.672, 81.876, 81.75, 81.762, 82.034, 82.182, 82.022, 82.09, 81.884, 82.044, 82.162, 81.996], "test_acc": [47.78, 56.0, 60.86, 64.25, 66.03, 68.9, 69.17, 70.83, 72.47, 72.15, 74.99, 75.07, 74.49, 75.02, 74.81, 75.26, 75.34, 75.4, 75.6, 75.88, 76.01, 75.8, 76.16, 76.04, 76.11, 76.0, 75.81, 76.05, 75.97, 75.94, 75.95, 76.07, 75.97, 75.97, 76.12, 75.97, 76.18, 76.12], "test_loss": [1.4272448397889923, 1.2346393820605701, 1.102528756177878, 1.019148259977751, 0.9454445854018007, 0.8801163849951346, 0.867686036266858, 0.8242383320120317, 0.7867721100396747, 0.7901311901551259, 0.7229302766956861, 0.71883689678168, 0.7338240014601357, 0.7146563839308823, 0.7164655225940898, 0.7085697854621501, 0.7091787148125565, 0.7059235240839705, 0.6966176191462746, 0.6947417904304553, 0.6912922629072696, 0.6905854672570771, 0.6885365345810033, 0.6887865111797671, 0.6881845299201675, 0.6891858181621455, 0.6899422361880918, 0.6888363059562973, 0.6871839112873319, 0.6881614282161375, 0.6870921310744708, 0.6870264742947831, 0.68740755621391, 0.6872777041000656, 0.6868624611745907, 0.6867374155340316, 0.6877953270568123, 0.6870162381401544], "roc_auc": [{"0": 0.7177222222222222, "1": 0.7949999999999999, "2": 0.6473333333333333, "3": 0.6388333333333331, "4": 0.5896111111111112, "5": 0.7051111111111111, "6": 0.6904444444444445, "7": 0.7668333333333333, "8": 0.7991666666666667, "9": 0.7488333333333334, "micro": 0.7098888888888889}, {"0": 0.8072222222222222, "1": 0.8219444444444444, "2": 0.6491666666666667, "3": 0.6247222222222223, "4": 0.6996666666666668, "5": 0.7547222222222221, "6": 0.8197222222222221, "7": 0.7862777777777777, "8": 0.8275555555555556, "9": 0.7645555555555555, "micro": 0.7555555555555555}, {"0": 0.7547777777777778, "1": 0.8308888888888888, "2": 0.7470555555555555, "3": 0.6947777777777778, "4": 0.7229444444444444, "5": 0.7203333333333333, "6": 0.8783888888888889, "7": 0.7834444444444444, "8": 0.8589999999999999, "9": 0.8339444444444444, "micro": 0.7825555555555556}, {"0": 0.8343333333333334, "1": 0.8867777777777778, "2": 0.6774444444444444, "3": 0.7426666666666666, "4": 0.7733888888888889, "5": 0.758222222222222, "6": 0.8147777777777778, "7": 0.8316666666666667, "8": 0.8332222222222223, "9": 0.8613888888888889, "micro": 0.8013888888888889}, {"0": 0.8254999999999999, "1": 0.8882222222222222, "2": 0.7752222222222221, "3": 0.7085555555555555, "4": 0.7431666666666668, "5": 0.7590555555555556, "6": 0.7884444444444445, "7": 0.8805555555555555, "8": 0.8861111111111111, "9": 0.8579444444444445, "micro": 0.8112777777777778}, {"0": 0.8438333333333333, "1": 0.8813888888888889, "2": 0.7775555555555556, "3": 0.7484999999999999, "4": 0.7687222222222223, "5": 0.7696666666666666, "6": 0.8765555555555555, "7": 0.8440555555555557, "8": 0.8867222222222223, "9": 0.8752222222222223, "micro": 0.8272222222222223}, {"0": 0.8831666666666668, "1": 0.9232222222222223, "2": 0.7459444444444445, "3": 0.6867222222222222, "4": 0.7661666666666668, "5": 0.8431111111111111, "6": 0.8533888888888889, "7": 0.8653888888888889, "8": 0.8621666666666666, "9": 0.8579444444444445, "micro": 0.8287222222222221}, {"0": 0.8601111111111112, "1": 0.8863888888888888, "2": 0.7624444444444444, "3": 0.7370000000000001, "4": 0.7734444444444445, "5": 0.806888888888889, "6": 0.9095555555555556, "7": 0.8640555555555555, "8": 0.8853888888888889, "9": 0.8941666666666666, "micro": 0.8379444444444444}, {"0": 0.8919999999999999, "1": 0.9023888888888889, "2": 0.7858888888888887, "3": 0.7588333333333332, "4": 0.822388888888889, "5": 0.7862222222222222, "6": 0.8938333333333334, "7": 0.8667777777777776, "8": 0.8916111111111112, "9": 0.8706111111111111, "micro": 0.8470555555555556}, {"0": 0.8282777777777778, "1": 0.9177222222222222, "2": 0.7962777777777779, "3": 0.7224999999999999, "4": 0.7773888888888888, "5": 0.8078333333333334, "6": 0.9257222222222222, "7": 0.8535555555555556, "8": 0.9143888888888888, "9": 0.9091111111111111, "micro": 0.8452777777777778}, {"0": 0.8859444444444445, "1": 0.9216666666666666, "2": 0.8034444444444444, "3": 0.7476666666666668, "4": 0.8323888888888887, "5": 0.8112222222222223, "6": 0.9077222222222222, "7": 0.8876666666666667, "8": 0.9131666666666667, "9": 0.8996666666666666, "micro": 0.8610555555555557}, {"0": 0.8767777777777778, "1": 0.9224444444444446, "2": 0.8069444444444445, "3": 0.7515000000000001, "4": 0.8207777777777777, "5": 0.8021666666666668, "6": 0.9156666666666667, "7": 0.8882777777777778, "8": 0.9263333333333333, "9": 0.9041111111111111, "micro": 0.8615000000000002}, {"0": 0.8840555555555557, "1": 0.9088333333333334, "2": 0.8087777777777778, "3": 0.7308888888888888, "4": 0.8586666666666667, "5": 0.804111111111111, "6": 0.8947777777777778, "7": 0.8883888888888889, "8": 0.9095555555555557, "9": 0.8947222222222222, "micro": 0.8582777777777778}, {"0": 0.8876666666666667, "1": 0.9276666666666666, "2": 0.8021666666666668, "3": 0.7567777777777778, "4": 0.8305, "5": 0.8097777777777778, "6": 0.8805, "7": 0.8888888888888888, "8": 0.9249999999999999, "9": 0.9032777777777777, "micro": 0.8612222222222222}, {"0": 0.875, "1": 0.9022222222222223, "2": 0.8122777777777778, "3": 0.7618888888888891, "4": 0.8309444444444444, "5": 0.8058333333333334, "6": 0.9041111111111111, "7": 0.8824444444444444, "8": 0.9135, "9": 0.9123333333333333, "micro": 0.8600555555555556}, {"0": 0.8765555555555556, "1": 0.9177777777777778, "2": 0.8035555555555556, "3": 0.7415555555555555, "4": 0.8533333333333334, "5": 0.8118888888888889, "6": 0.9107777777777778, "7": 0.8816111111111111, "8": 0.9267222222222222, "9": 0.9017777777777778, "micro": 0.8625555555555555}, {"0": 0.8812222222222221, "1": 0.9114444444444445, "2": 0.7925, "3": 0.7767222222222222, "4": 0.8480555555555557, "5": 0.7887222222222222, "6": 0.8916111111111111, "7": 0.8955555555555554, "8": 0.9358888888888889, "9": 0.9082777777777779, "micro": 0.8630000000000001}, {"0": 0.8873333333333333, "1": 0.9163888888888889, "2": 0.8141666666666668, "3": 0.7571666666666668, "4": 0.8553333333333334, "5": 0.7810555555555556, "6": 0.8979444444444445, "7": 0.9033333333333333, "8": 0.9155555555555557, "9": 0.9050555555555555, "micro": 0.8633333333333333}, {"0": 0.882, "1": 0.9291111111111111, "2": 0.7859999999999998, "3": 0.7564444444444444, "4": 0.8476111111111111, "5": 0.8239444444444445, "6": 0.9022222222222221, "7": 0.8944444444444445, "8": 0.9258888888888888, "9": 0.8967777777777778, "micro": 0.8644444444444445}, {"0": 0.8838333333333334, "1": 0.9264444444444445, "2": 0.815611111111111, "3": 0.7526111111111111, "4": 0.8588888888888889, "5": 0.8063333333333333, "6": 0.8990555555555555,