{"args": {"use_cuda": true, "train_batch_size": 256, "test_batch_size": 128, "lr": 0.0001, "gamma": 0.2, "start_epoch": 1, "num_epochs": 50, "init_type": "None", "pooling_type": "max", "dropout_type": "spatial", "dropout_p": 0.5, "patience": 10, "tolerance": -0.0001, "do_train": true, "load_model": false, "model_name": "lr_tenthousand", "save_checkpoints": true, "save_model": true}, "metrics": {"train_time": 197.64058136940002, "train_loss": [1.9627123827836952, 1.6424106097951228, 1.5324816186817325, 1.460816498921842, 1.3973655603369888, 1.3491483567928781, 1.299008455203504, 1.2615284968395621, 1.2192301500816733, 1.1901297398975916, 1.1529167936164506, 1.142803359700709, 1.1366683624836864, 1.129371270233271, 1.1231935349654179, 1.1181805708578654, 1.1094999590090342, 1.1044228575667556, 1.0998455833415597, 1.0920996218919754, 1.086509295264069, 1.0825473006282533, 1.0820961850030082, 1.0793139222933321, 1.079692694301508, 1.077663238255345, 1.0783886824335371, 1.0738720951639875, 1.073817832737553, 1.0721518488562838, 1.0719533891093975, 1.0725535744306993, 1.0716759063759629, 1.0700566628757788, 1.0727391376787303, 1.0707263313994115, 1.0693447574669002, 1.0688347947232577, 1.0687000690674295, 1.0700810575971798, 1.0678848706337871, 1.068173631417508, 1.0676110867334871, 1.0671142059929517, 1.0680554670338729, 1.0673567445910708], "train_acc": [27.64, 39.538, 44.202, 47.016, 49.468, 51.34, 53.222, 54.678, 55.98, 57.13, 58.5, 58.836, 59.222, 59.694, 59.852, 60.09, 60.208, 60.636, 60.896, 61.136, 61.452, 61.244, 61.432, 61.524, 61.588, 61.506, 61.474, 61.786, 61.866, 61.898, 61.912, 61.802, 61.936, 61.922, 61.704, 61.972, 61.832, 61.972, 62.052, 61.918, 61.98, 62.146, 62.098, 61.984, 61.894, 62.098], "test_acc": [38.81, 43.59, 47.18, 49.39, 51.55, 52.99, 55.08, 55.87, 57.45, 57.77, 59.23, 59.54, 59.95, 60.01, 60.13, 60.54, 60.82, 60.86, 61.0, 61.11, 61.44, 61.28, 61.33, 61.48, 61.58, 61.64, 61.61, 61.76, 61.61, 61.64, 61.75, 61.86, 61.72, 61.75, 61.89, 61.9, 61.83, 61.8, 61.83, 61.93, 61.96, 61.91, 61.88, 61.86, 61.92, 61.93], "test_loss": [1.7034600475166417, 1.5417153412782694, 1.4598799566679364, 1.397489430029181, 1.3456498384475708, 1.3074322199519677, 1.2543837043303478, 1.2287926206105872, 1.1920587880701958, 1.1715590976461578, 1.1398566282248195, 1.1330464927456048, 1.1288706901707226, 1.1221482919741281, 1.1151163940188251, 1.1083981877640834, 1.1040542638754542, 1.1006325060808206, 1.0925928339173523, 1.088561249684684, 1.0852598034882848, 1.0848995643325998, 1.0823499982870077, 1.0808822663524482, 1.0796880865398841, 1.0785975825937488, 1.0780318658563155, 1.0769524906255021, 1.0758638849741295, 1.0758062465281426, 1.0742633372922488, 1.0740756950800932, 1.0738330800322038, 1.0735837613480002, 1.073574665981003, 1.0733040465584285, 1.072943090638028, 1.0727114526531365, 1.072718849665002, 1.0723006151899506, 1.0722916412957106, 1.0722347762011275, 1.072209461580349, 1.0721414798422704, 1.072125714790972, 1.0721061048628409], "roc_auc": [{"0": 0.6901666666666667, "1": 0.6786666666666668, "2": 0.5635, "3": 0.5358333333333334, "4": 0.5868333333333333, "5": 0.7102222222222222, "6": 0.7493888888888889, "7": 0.6795, "8": 0.6768888888888889, "9": 0.7295555555555555, "micro": 0.6600555555555556}, {"0": 0.7423888888888888, "1": 0.7438333333333333, "2": 0.6169444444444445, "3": 0.5984444444444444, "4": 0.6032222222222222, "5": 0.6945, "6": 0.7195, "7": 0.7040555555555555, "8": 0.7112777777777778, "9": 0.7319444444444445, "micro": 0.6866111111111111}, {"0": 0.7420555555555556, "1": 0.798111111111111, "2": 0.6339444444444444, "3": 0.6242222222222222, "4": 0.6292777777777778, "5": 0.6832777777777778, "6": 0.7831111111111112, "7": 0.7296666666666667, "8": 0.7209444444444444, "9": 0.7209444444444445, "micro": 0.7065555555555555}, {"0": 0.7528888888888888, "1": 0.7893888888888888, "2": 0.6434444444444444, "3": 0.6586666666666667, "4": 0.6289444444444444, "5": 0.6844444444444444, "6": 0.795611111111111, "7": 0.7479444444444444, "8": 0.7188888888888888, "9": 0.7681111111111111, "micro": 0.7188333333333333}, {"0": 0.7533888888888889, "1": 0.7785555555555556, "2": 0.6762222222222222, "3": 0.6244999999999999, "4": 0.6405, "5": 0.7193333333333334, "6": 0.8103333333333333, "7": 0.7577777777777779, "8": 0.7971666666666667, "9": 0.7505555555555555, "micro": 0.7308333333333333}, {"0": 0.7699444444444445, "1": 0.8066111111111111, "2": 0.7107777777777777, "3": 0.6895555555555556, "4": 0.5998888888888888, "5": 0.7008888888888889, "6": 0.7908333333333334, "7": 0.7549444444444445, "8": 0.7943888888888889, "9": 0.7705, "micro": 0.7388333333333333}, {"0": 0.7834444444444444, "1": 0.828611111111111, "2": 0.6553333333333332, "3": 0.6457777777777779, "4": 0.6457222222222222, "5": 0.7365555555555555, "6": 0.823388888888889, "7": 0.7962777777777779, "8": 0.7727777777777778, "9": 0.8165555555555556, "micro": 0.7504444444444444}, {"0": 0.7787222222222222, "1": 0.8285, "2": 0.6586666666666666, "3": 0.6615, "4": 0.6503888888888888, "5": 0.7382777777777779, "6": 0.8278888888888889, "7": 0.8249444444444445, "8": 0.7577777777777779, "9": 0.8216666666666667, "micro": 0.7548333333333332}, {"0": 0.7973888888888889, "1": 0.8366666666666667, "2": 0.6773333333333333, "3": 0.6806111111111112, "4": 0.6373888888888889, "5": 0.7468333333333332, "6": 0.858388888888889, "7": 0.7862777777777777, "8": 0.8096666666666668, "9": 0.8055555555555555, "micro": 0.7636111111111111}, {"0": 0.780611111111111, "1": 0.8341111111111111, "2": 0.7256111111111112, "3": 0.6523888888888889, "4": 0.6729999999999999, "5": 0.6768333333333333, "6": 0.8642222222222222, "7": 0.8077222222222222, "8": 0.8343333333333334, "9": 0.8050555555555556, "micro": 0.7653888888888889}, {"0": 0.7780555555555555, "1": 0.8504444444444444, "2": 0.7047222222222222, "3": 0.6649444444444444, "4": 0.6824444444444445, "5": 0.7330555555555556, "6": 0.8481666666666667, "7": 0.8108888888888889, "8": 0.848388888888889, "9": 0.8138888888888889, "micro": 0.7735}, {"0": 0.7764444444444445, "1": 0.858611111111111, "2": 0.7003333333333334, "3": 0.6675555555555557, "4": 0.6911666666666667, "5": 0.7355555555555555, "6": 0.8448888888888889, "7": 0.8225555555555556, "8": 0.843111111111111, "9": 0.812, "micro": 0.7752222222222223}, {"0": 0.7867222222222221, "1": 0.838111111111111, "2": 0.7086666666666668, "3": 0.6751111111111111, "4": 0.7034444444444444, "5": 0.7408333333333335, "6": 0.8495, "7": 0.8183333333333334, "8": 0.8376111111111111, "9": 0.8166666666666668, "micro": 0.7775}, {"0": 0.7897777777777778, "1": 0.8496111111111111, "2": 0.7008888888888889, "3": 0.6797777777777778, "4": 0.6892222222222223, "5": 0.7431666666666666, "6": 0.8395555555555556, "7": 0.8262777777777779, "8": 0.8273888888888888, "9": 0.8326666666666667, "micro": 0.7778333333333333}, {"0": 0.7928888888888888, "1": 0.8453333333333334, "2": 0.7069444444444444, "3": 0.7005000000000001, "4": 0.6916111111111111, "5": 0.7211111111111111, "6": 0.8363333333333334, "7": 0.8280555555555557, "8": 0.8371666666666667, "9": 0.8250555555555555, "micro": 0.7785}, {"0": 0.7833888888888888, "1": 0.8484999999999999, "2": 0.7100555555555556, "3": 0.6685555555555556, "4": 0.7106111111111111, "5": 0.7454999999999999, "6": 0.8484444444444446, "7": 0.8213333333333334, "8": 0.8476666666666668, "9": 0.8237222222222222, "micro": 0.7807777777777777}, {"0": 0.7990555555555555, "1": 0.8528333333333333, "2": 0.7054444444444444, "3": 0.6886111111111112, "4": 0.7167777777777777, "5": 0.7192777777777779, "6": 0.8415, "7": 0.8308333333333333, "8": 0.8407777777777777, "9": 0.8282222222222222, "micro": 0.7823333333333334}, {"0": 0.7898333333333334, "1": 0.8452777777777777, "2": 0.7127777777777777, "3": 0.666, "4": 0.7186111111111111, "5": 0.738111111111111, "6": 0.857888888888889, "7": 0.8302222222222222, "8": 0.8406111111111111, "9": 0.8262222222222222, "micro": 0.7825555555555556}, {"0": 0.7845555555555556, "1": 0.8617222222222222, "2": 0.7022222222222222, "3": 0.6961111111111111, "4": 0.7155,