{"args": {"use_cuda": true, "train_batch_size": 256, "test_batch_size": 128, "lr": 0.001, "gamma": 0.2, "start_epoch": 1, "num_epochs": 50, "init_type": null, "pooling_type": "max", "dropout_type": "none", "dropout_p": 0.5, "patience": 10, "tolerance": -0.0001, "do_train": true, "load_model": false, "model_name": "multiStream_fuse2", "save_checkpoints": true, "save_model": true}, "metrics": {"train_time": 204.76308393478394, "train_loss": [1.7726422493555107, 1.366668355100009, 1.153240477248114, 1.0317225377170407, 0.9307144110908314, 0.8580304320369448, 0.7968553103962723, 0.7405199423736456, 0.6837448270953431, 0.6510193457408827, 0.5174017946939079, 0.4863452278837866, 0.467637623451194, 0.4523377105289576, 0.43374940236004034, 0.41898167817568294, 0.40330186911991667, 0.38613522372075487], "train_acc": [34.556, 50.654, 58.774, 63.478, 67.15, 69.748, 71.96, 73.808, 75.928, 77.082, 82.162, 83.208, 84.016, 84.586, 85.228, 85.792, 86.44, 87.078], "test_acc": [44.38, 55.22, 60.51, 63.4, 66.23, 66.79, 68.64, 69.12, 69.28, 69.5, 72.39, 71.73, 72.52, 72.03, 71.87, 72.15, 71.89, 72.23], "test_loss": [1.538533645340159, 1.2455753525601159, 1.1015814640853978, 1.0291048680679709, 0.9529965927329245, 0.9303117899955073, 0.9039869316016571, 0.8956707550000541, 0.9113180494006676, 0.8909087679054164, 0.8385030431083486, 0.8478534666797782, 0.8531691733794876, 0.8708535191379015, 0.8822225022919571, 0.885427327850197, 0.8976340799392024, 0.9111582010607177], "roc_auc": [{"0": 0.7196666666666667, "1": 0.7599999999999998, "2": 0.5887222222222221, "3": 0.606, "4": 0.6825, "5": 0.6764444444444444, "6": 0.7009444444444444, "7": 0.7331666666666666, "8": 0.8301111111111111, "9": 0.6124444444444445, "micro": 0.691}, {"0": 0.7395555555555555, "1": 0.8028333333333333, "2": 0.6496666666666667, "3": 0.7155, "4": 0.6667222222222222, "5": 0.7079444444444444, "6": 0.7869444444444444, "7": 0.7959999999999999, "8": 0.8060555555555555, "9": 0.8410000000000001, "micro": 0.7512222222222222}, {"0": 0.8171666666666667, "1": 0.798611111111111, "2": 0.7263333333333334, "3": 0.7090555555555556, "4": 0.6667222222222222, "5": 0.7020555555555555, "6": 0.8566666666666667, "7": 0.846111111111111, "8": 0.8346666666666667, "9": 0.8487222222222223, "micro": 0.780611111111111}, {"0": 0.8055555555555555, "1": 0.8517222222222223, "2": 0.6627777777777778, "3": 0.6988888888888889, "4": 0.7609999999999999, "5": 0.7651666666666668, "6": 0.8791666666666668, "7": 0.8060555555555556, "8": 0.888, "9": 0.8483333333333333, "micro": 0.7966666666666666}, {"0": 0.8025, "1": 0.8765555555555555, "2": 0.7683888888888889, "3": 0.6680555555555556, "4": 0.7445555555555556, "5": 0.7868333333333334, "6": 0.8713888888888888, "7": 0.8528333333333333, "8": 0.8936666666666668, "9": 0.859111111111111, "micro": 0.8123888888888889}, {"0": 0.8291666666666667, "1": 0.8463888888888889, "2": 0.7394444444444443, "3": 0.6991111111111111, "4": 0.8019444444444443, "5": 0.7565555555555556, "6": 0.8362777777777777, "7": 0.8789444444444444, "8": 0.9034444444444445, "9": 0.8637222222222223, "micro": 0.8155}, {"0": 0.8427222222222222, "1": 0.9085000000000001, "2": 0.7712777777777778, "3": 0.75, "4": 0.7779999999999999, "5": 0.7430555555555555, "6": 0.8741666666666666, "7": 0.8715555555555555, "8": 0.896611111111111, "9": 0.8218888888888889, "micro": 0.8257777777777777}, {"0": 0.8875, "1": 0.8917777777777778, "2": 0.7194444444444444, "3": 0.7233333333333333, "4": 0.7745, "5": 0.7675555555555557, "6": 0.9011111111111111, "7": 0.8557777777777776, "8": 0.8892222222222224, "9": 0.8742222222222222, "micro": 0.8284444444444444}, {"0": 0.8468888888888888, "1": 0.8692777777777778, "2": 0.8142222222222222, "3": 0.7636111111111111, "4": 0.7493888888888889, "5": 0.7472777777777778, "6": 0.8906666666666666, "7": 0.8290555555555555, "8": 0.9096666666666667, "9": 0.8732777777777777, "micro": 0.8293333333333333}, {"0": 0.8169444444444445, "1": 0.8834444444444445, "2": 0.8280555555555555, "3": 0.7632222222222221, "4": 0.7323888888888888, "5": 0.783, "6": 0.8403333333333334, "7": 0.8732222222222221, "8": 0.9080555555555556, "9": 0.8768888888888888, "micro": 0.8305555555555555}, {"0": 0.8687777777777778, "1": 0.8966666666666666, "2": 0.7700555555555556, "3": 0.7448333333333333, "4": 0.8148333333333334, "5": 0.7988888888888888, "6": 0.8886666666666667, "7": 0.8799444444444445, "8": 0.9150555555555555, "9": 0.8883888888888889, "micro": 0.8466111111111111}, {"0": 0.8618888888888888, "1": 0.9138333333333333, "2": 0.7933333333333333, "3": 0.7324444444444446, "4": 0.8042222222222222, "5": 0.8025555555555557, "6": 0.8750555555555556, "7": 0.881, "8": 0.9047777777777778, "9": 0.8603333333333334, "micro": 0.8429444444444445}, {"0": 0.8631111111111112, "1": 0.9154444444444445, "2": 0.7816666666666666, "3": 0.7493888888888889, "4": 0.8308888888888888, "5": 0.7938888888888889, "6": 0.8799999999999999, "7": 0.8758333333333334, "8": 0.9191111111111111, "9": 0.8639999999999999, "micro": 0.8473333333333334}, {"0": 0.8713333333333334, "1": 0.9122777777777777, "2": 0.7975555555555556, "3": 0.7356666666666668, "4": 0.8028888888888889, "5": 0.7934444444444445, "6": 0.8908333333333334, "7": 0.8608888888888888, "8": 0.9049444444444444, "9": 0.8762777777777777, "micro": 0.8446111111111111}, {"0": 0.8585555555555556, "1": 0.9042777777777776, "2": 0.796111111111111, "3": 0.7458333333333333, "4": 0.8092777777777779, "5": 0.8014444444444445, "6": 0.8716666666666667, "7": 0.8696111111111112, "8": 0.9039444444444443, "9": 0.8765, "micro": 0.8437222222222222}, {"0": 0.8711111111111112, "1": 0.9063333333333333, "2": 0.7888888888888889, "3": 0.7213333333333334, "4": 0.814, "5": 0.8117222222222222, "6": 0.8892222222222224, "7": 0.8776666666666667, "8": 0.9060555555555556, "9": 0.8664444444444445, "micro": 0.8452777777777778}, {"0": 0.8748888888888889, "1": 0.9, "2": 0.7916666666666667, "3": 0.7360555555555556, "4": 0.8119999999999999, "5": 0.7833333333333332, "6": 0.888, "7": 0.8738888888888889, "8": 0.9055555555555556, "9": 0.8729444444444444, "micro": 0.8438333333333333}, {"0": 0.8685, "1": 0.9084444444444445, "2": 0.7896666666666666, "3": 0.7249444444444444, "4": 0.8197777777777778, "5": 0.7968888888888889, "6": 0.8925, "7": 0.8756111111111111, "8": 0.9101666666666666, "9": 0.8707222222222223, "micro": 0.8457222222222223}]}}