{"args": {"use_cuda": true, "train_batch_size": 256, "test_batch_size": 128, "lr": 0.001, "gamma": 0.2, "start_epoch": 1, "num_epochs": 50, "init_type": null, "pooling_type": "max", "dropout_type": "none", "dropout_p": 0.5, "patience": 10, "tolerance": -0.0001, "do_train": true, "load_model": false, "model_name": "multiStream_fuse4", "save_checkpoints": true, "save_model": true}, "metrics": {"train_time": 182.11614155769348, "train_loss": [2.073666358480648, 1.6926149373151818, 1.5127029479766378, 1.3818539119496638, 1.2896203763630925, 1.2046247039522444, 1.1377341421891232, 1.0711304247379303, 1.0163654444777235, 0.9605101061110594, 0.8155704964788593, 0.7683966314914276, 0.7411361275887003, 0.7158318700230851, 0.6921175909893853, 0.6701347216659662, 0.647040819939302], "train_acc": [22.874, 38.588, 44.944, 50.148, 53.434, 56.648, 59.42, 61.752, 63.808, 65.698, 71.22, 72.928, 73.96, 74.944, 75.738, 76.598, 77.35], "test_acc": [34.0, 40.64, 45.56, 50.85, 51.69, 53.98, 56.93, 57.09, 59.07, 58.12, 61.36, 61.24, 61.28, 61.2, 60.42, 60.46, 60.94], "test_loss": [1.8091371210315559, 1.6352104084401191, 1.5006316990791997, 1.3769844966598703, 1.3229892797107938, 1.274342616902122, 1.216663658618927, 1.1983504748042626, 1.1539033673986603, 1.173959619636777, 1.1219179162496253, 1.1301710975321033, 1.1381010473528994, 1.1569447011887273, 1.1755214393893374, 1.1907059135316294, 1.1980232113524327], "roc_auc": [{"0": 0.6435555555555555, "1": 0.7433888888888889, "2": 0.5150555555555556, "3": 0.5438888888888889, "4": 0.5816111111111111, "5": 0.6271666666666667, "6": 0.6921111111111111, "7": 0.6417777777777779, "8": 0.7113333333333333, "9": 0.6334444444444444, "micro": 0.6333333333333333}, {"0": 0.6316111111111111, "1": 0.8008333333333333, "2": 0.5678888888888888, "3": 0.6387222222222223, "4": 0.6662222222222223, "5": 0.6360555555555556, "6": 0.6708333333333333, "7": 0.6983333333333333, "8": 0.7550555555555556, "9": 0.6366666666666667, "micro": 0.6702222222222223}, {"0": 0.7325555555555555, "1": 0.7604444444444444, "2": 0.6535555555555556, "3": 0.5632777777777778, "4": 0.5827222222222223, "5": 0.6162777777777777, "6": 0.7336111111111111, "7": 0.7521666666666667, "8": 0.8172222222222222, "9": 0.7637222222222221, "micro": 0.6975555555555555}, {"0": 0.7932222222222222, "1": 0.7888888888888889, "2": 0.5981666666666667, "3": 0.6310555555555555, "4": 0.6672777777777777, "5": 0.6516666666666667, "6": 0.7847222222222223, "7": 0.7740000000000001, "8": 0.7894444444444444, "9": 0.791, "micro": 0.7269444444444444}, {"0": 0.7255555555555556, "1": 0.8218888888888888, "2": 0.6605000000000001, "3": 0.6283888888888889, "4": 0.5832777777777778, "5": 0.7488888888888888, "6": 0.7629999999999999, "7": 0.7581666666666667, "8": 0.8383333333333334, "9": 0.7881111111111111, "micro": 0.7316111111111112}, {"0": 0.7668888888888888, "1": 0.8683333333333334, "2": 0.6372222222222222, "3": 0.6487777777777779, "4": 0.6329444444444444, "5": 0.668, "6": 0.8087222222222221, "7": 0.8201666666666667, "8": 0.8203333333333334, "9": 0.7719444444444445, "micro": 0.7443333333333334}, {"0": 0.8283333333333334, "1": 0.8393888888888889, "2": 0.6357777777777778, "3": 0.7102222222222222, "4": 0.6953333333333334, "5": 0.6862777777777777, "6": 0.8005, "7": 0.7995, "8": 0.850388888888889, "9": 0.7615000000000001, "micro": 0.7607222222222223}, {"0": 0.7777777777777776, "1": 0.7888888888888889, "2": 0.7102222222222221, "3": 0.62, "4": 0.6817222222222222, "5": 0.7237777777777777, "6": 0.7796666666666666, "7": 0.8182777777777778, "8": 0.889388888888889, "9": 0.8263888888888887, "micro": 0.7616111111111111}, {"0": 0.7932222222222222, "1": 0.8571111111111112, "2": 0.6631111111111111, "3": 0.6735555555555557, "4": 0.7174999999999999, "5": 0.737388888888889, "6": 0.7973333333333333, "7": 0.8067777777777778, "8": 0.8704999999999999, "9": 0.8096111111111112, "micro": 0.7726111111111111}, {"0": 0.7952222222222222, "1": 0.8653333333333333, "2": 0.719, "3": 0.6670555555555556, "4": 0.6552777777777778, "5": 0.7596666666666667, "6": 0.7759444444444445, "7": 0.7879444444444443, "8": 0.8571111111111112, "9": 0.7907777777777777, "micro": 0.7673333333333334}, {"0": 0.8343888888888888, "1": 0.8514999999999999, "2": 0.706, "3": 0.6926666666666668, "4": 0.7192777777777778, "5": 0.7367777777777779, "6": 0.8192777777777778, "7": 0.8127222222222222, "8": 0.840611111111111, "9": 0.840111111111111, "micro": 0.7853333333333332}, {"0": 0.8257222222222221, "1": 0.8433888888888889, "2": 0.711111111111111, "3": 0.699111111111111, "4": 0.7374444444444445, "5": 0.7321111111111112, "6": 0.7963888888888889, "7": 0.8153888888888888, "8": 0.8701666666666666, "9": 0.8158333333333333, "micro": 0.7846666666666667}, {"0": 0.8343333333333334, "1": 0.8613888888888889, "2": 0.703, "3": 0.6974444444444444, "4": 0.7356111111111112, "5": 0.7351666666666667, "6": 0.7956666666666667, "7": 0.8161666666666668, "8": 0.8531111111111112, "9": 0.817, "micro": 0.7848888888888889}, {"0": 0.8254444444444444, "1": 0.867, "2": 0.713388888888889, "3": 0.670888888888889, "4": 0.727111111111111, "5": 0.7452222222222222, "6": 0.8101666666666668, "7": 0.8133888888888889, "8": 0.8481666666666666, "9": 0.8236666666666667, "micro": 0.7844444444444445}, {"0": 0.8271111111111111, "1": 0.861, "2": 0.6962777777777778, "3": 0.6839444444444445, "4": 0.7326666666666667, "5": 0.7108888888888889, "6": 0.8140555555555556, "7": 0.8183333333333334, "8": 0.8618333333333333, "9": 0.7949999999999999, "micro": 0.7801111111111111}, {"0": 0.8312222222222222, "1": 0.8457222222222223, "2": 0.7147222222222221, "3": 0.7009444444444445, "4": 0.7133333333333334, "5": 0.7163888888888889, "6": 0.785888888888889, "7": 0.8190555555555555, "8": 0.8604999999999999, "9": 0.8155555555555555, "micro": 0.7803333333333333}, {"0": 0.8352777777777778, "1": 0.8603333333333333, "2": 0.7068888888888889, "3": 0.6712777777777778, "4": 0.7346666666666667, "5": 0.7508333333333334, "6": 0.7888888888888889, "7": 0.819, "8": 0.8486111111111111, "9": 0.8142222222222223, "micro": 0.783}]}}