{"args": {"use_cuda": true, "train_batch_size": 256, "test_batch_size": 128, "lr": 0.001, "gamma": 0.2, "start_epoch": 1, "num_epochs": 50, "init_type": null, "pooling_type": "max", "dropout_type": "none", "dropout_p": 0.5, "patience": 10, "tolerance": -0.0001, "do_train": true, "load_model": false, "model_name": "multiStream_fuse3", "save_checkpoints": true, "save_model": true}, "metrics": {"train_time": 205.73631644248962, "train_loss": [1.9303456915884603, 1.5602036282724263, 1.4019180134851106, 1.2739678712523714, 1.1720805159028695, 1.0848689061038348, 1.0347074172934707, 0.9637069011829338, 0.9143650267197161, 0.8692606152320395, 0.7412713869493834, 0.7032920651289881, 0.6818645386671534, 0.6629913826378024, 0.644584237312784, 0.625941734837026, 0.6076102268939115, 0.5910519524192324, 0.5735440886750514], "train_acc": [28.508, 42.968, 49.46, 54.036, 57.876, 61.098, 62.904, 65.452, 67.512, 68.918, 73.694, 75.094, 76.108, 76.558, 77.18, 78.104, 78.704, 79.306, 80.0], "test_acc": [38.84, 47.93, 51.13, 54.61, 57.08, 59.39, 59.82, 62.26, 62.94, 63.01, 65.52, 65.25, 65.47, 65.49, 65.62, 65.56, 65.57, 65.53, 65.81], "test_loss": [1.6608763978451113, 1.4434399016295807, 1.3559713861610316, 1.2623512186581576, 1.177327565000027, 1.125961725470386, 1.1171292043939423, 1.0512452940397625, 1.046690894833094, 1.0394930552832689, 0.9924207329750061, 0.9911648804628397, 0.9884510764592811, 0.9965257795551156, 1.0053468316416196, 1.015963552873346, 1.016900875145876, 1.0267372123802765, 1.0326221042041537], "roc_auc": [{"0": 0.6808333333333334, "1": 0.7020555555555555, "2": 0.5295555555555557, "3": 0.5133888888888889, "4": 0.6042777777777778, "5": 0.7020555555555555, "6": 0.6730555555555556, "7": 0.7306111111111111, "8": 0.6946666666666667, "9": 0.7717222222222222, "micro": 0.6602222222222223}, {"0": 0.7512777777777778, "1": 0.7871111111111111, "2": 0.6133888888888889, "3": 0.6170555555555556, "4": 0.6274444444444445, "5": 0.6647222222222221, "6": 0.7713888888888889, "7": 0.7491666666666666, "8": 0.7757222222222222, "9": 0.7499444444444444, "micro": 0.7107222222222223}, {"0": 0.768611111111111, "1": 0.7619444444444445, "2": 0.6534999999999999, "3": 0.6461666666666666, "4": 0.639611111111111, "5": 0.7048333333333333, "6": 0.7618333333333334, "7": 0.768888888888889, "8": 0.7907777777777778, "9": 0.7888333333333334, "micro": 0.7284999999999999}, {"0": 0.8092222222222223, "1": 0.8659444444444444, "2": 0.6468888888888888, "3": 0.6313333333333333, "4": 0.7059444444444444, "5": 0.6751666666666666, "6": 0.7867222222222222, "7": 0.7867222222222222, "8": 0.8439444444444444, "9": 0.7264444444444444, "micro": 0.7478333333333333}, {"0": 0.7975555555555556, "1": 0.835, "2": 0.6419444444444444, "3": 0.6352777777777778, "4": 0.7362222222222222, "5": 0.695111111111111, "6": 0.792611111111111, "7": 0.8403333333333334, "8": 0.8575555555555555, "9": 0.7839444444444444, "micro": 0.7615555555555555}, {"0": 0.8256111111111111, "1": 0.8028888888888889, "2": 0.7030555555555557, "3": 0.6831666666666666, "4": 0.6951111111111111, "5": 0.7265555555555555, "6": 0.8113333333333334, "7": 0.7858888888888889, "8": 0.8665555555555556, "9": 0.8437222222222223, "micro": 0.774388888888889}, {"0": 0.8260555555555555, "1": 0.8374444444444444, "2": 0.7335555555555556, "3": 0.6820555555555555, "4": 0.6437222222222223, "5": 0.7639444444444443, "6": 0.7803333333333333, "7": 0.8048888888888889, "8": 0.8615555555555555, "9": 0.8342222222222223, "micro": 0.7767777777777777}, {"0": 0.8392777777777778, "1": 0.8682222222222222, "2": 0.7233333333333334, "3": 0.7183333333333334, "4": 0.7476666666666667, "5": 0.6888888888888889, "6": 0.827, "7": 0.8337777777777777, "8": 0.8534444444444444, "9": 0.8033888888888889, "micro": 0.7903333333333333}, {"0": 0.8341666666666666, "1": 0.8765, "2": 0.7272222222222222, "3": 0.7328333333333333, "4": 0.7388333333333333, "5": 0.6531666666666666, "6": 0.8660000000000001, "7": 0.8378888888888889, "8": 0.8577777777777778, "9": 0.8167222222222222, "micro": 0.7941111111111111}, {"0": 0.8505555555555556, "1": 0.8677222222222222, "2": 0.6958888888888888, "3": 0.7305555555555556, "4": 0.7592777777777777, "5": 0.725611111111111, "6": 0.7807222222222222, "7": 0.8504444444444446, "8": 0.8511111111111112, "9": 0.833111111111111, "micro": 0.7945000000000001}, {"0": 0.8404999999999999, "1": 0.8661666666666668, "2": 0.7367777777777778, "3": 0.7177222222222222, "4": 0.7623888888888889, "5": 0.7287222222222223, "6": 0.8567777777777779, "7": 0.8522222222222221, "8": 0.884, "9": 0.8391666666666667, "micro": 0.8084444444444445}, {"0": 0.8446111111111111, "1": 0.8620555555555557, "2": 0.7300555555555556, "3": 0.7113888888888888, "4": 0.7486111111111111, "5": 0.7325555555555555, "6": 0.8673333333333334, "7": 0.8501111111111112, "8": 0.8842777777777778, "9": 0.8384444444444443, "micro": 0.8069444444444442}, {"0": 0.8360555555555556, "1": 0.8773333333333334, "2": 0.7493333333333334, "3": 0.7212222222222222, "4": 0.7508333333333334, "5": 0.7283888888888888, "6": 0.8513333333333333, "7": 0.8549444444444445, "8": 0.8714444444444445, "9": 0.8407777777777777, "micro": 0.8081666666666667}, {"0": 0.8409444444444444, "1": 0.8669444444444445, "2": 0.7411666666666666, "3": 0.7013333333333334, "4": 0.7631666666666668, "5": 0.7375, "6": 0.8601666666666667, "7": 0.8582222222222222, "8": 0.8819444444444444, "9": 0.8313888888888888, "micro": 0.8082777777777778}, {"0": 0.8319999999999999, "1": 0.866388888888889, "2": 0.7513333333333334, "3": 0.731388888888889, "4": 0.7664999999999998, "5": 0.7288888888888888, "6": 0.8425, "7": 0.8468333333333333, "8": 0.8818333333333334, "9": 0.8423333333333334, "micro": 0.809}, {"0": 0.8359444444444445, "1": 0.8575555555555556, "2": 0.7274444444444444, "3": 0.705888888888889, "4": 0.7705, "5": 0.7535555555555555, "6": 0.8662222222222222, "7": 0.8405555555555556, "8": 0.8866666666666668, "9": 0.8423333333333334, "micro": 0.8086666666666666}, {"0": 0.8483888888888889, "1": 0.8844444444444444, "2": 0.7364444444444445, "3": 0.7238888888888889, "4": 0.7497777777777779, "5": 0.7454444444444445, "6": 0.8583333333333334, "7": 0.8414444444444446, "8": 0.8727222222222222, "9": 0.8263333333333334, "micro": 0.8087222222222221}, {"0": 0.834, "1": 0.863111111111111, "2": 0.7466666666666667, "3": 0.6946666666666667, "4": 0.7545, "5": 0.7403333333333333, "6": 0.8565555555555556, "7": 0.862, "8": 0.892611111111111, "9": 0.8405555555555556, "micro": 0.8085}, {"0": 0.8403333333333334, "1": 0.8767222222222222, "2": 0.7394444444444446, "3": 0.7127222222222223, "4": 0.7533888888888888, "5": 0.7589444444444444, "6": 0.8473333333333334, "7": 0.8594444444444445, "8": 0.8762777777777777, "9": 0.8359444444444445, "micro": 0.8100555555555556}]}}