{"args": {"use_cuda": true, "train_batch_size": 256, "test_batch_size": 128, "lr": 0.001, "gamma": 0.2, "start_epoch": 1, "num_epochs": 50, "init_type": null, "pooling_type": "max", "dropout_type": "spatial", "dropout_p": 0.5, "patience": 10, "tolerance": -0.0001, "do_train": true, "load_model": false, "model_name": "pool_88_22_max", "save_checkpoints": true, "save_model": true}, "metrics": {"train_time": 81.87217783927917, "train_loss": [1.6975585240490583, 1.3120877006832434, 1.1815524651687972, 1.0836049442996785, 1.0224731686163921, 0.9623369279564643, 0.9238753896586749, 0.8756211390908883, 0.8498882462783736, 0.8063873803737213, 0.6965376911114673, 0.6720133597145275, 0.6609650197990087, 0.6469518124144904, 0.6355755653004257, 0.6215343955828219, 0.6080045359475272, 0.599423813576601, 0.5887810961932552], "train_acc": [35.814, 52.268, 57.62, 61.302, 63.784, 66.018, 67.308, 69.304, 70.148, 71.554, 75.628, 76.426, 76.724, 77.018, 77.526, 78.336, 78.616, 78.788, 79.328], "test_acc": [48.97, 53.91, 54.32, 58.38, 64.82, 65.29, 65.26, 66.45, 67.79, 68.22, 69.9, 69.6, 70.23, 70.09, 70.34, 69.84, 70.1, 70.39, 70.41], "test_loss": [1.3773525606227826, 1.272413424298733, 1.3027572179142433, 1.2110802689685096, 1.0051221334481542, 0.9851617964008187, 0.9828483296346061, 0.9564765676667418, 0.9385779152942609, 0.9237933294682563, 0.8788581830036791, 0.8926760561858551, 0.8829257111006146, 0.8893943715699112, 0.8909592967999133, 0.8959159918978244, 0.9011735931227479, 0.8977509110788756, 0.9096377552310123], "roc_auc": [{"0": 0.7047777777777778, "1": 0.6987222222222222, "2": 0.6416111111111111, "3": 0.5723888888888888, "4": 0.6298888888888888, "5": 0.7374999999999999, "6": 0.7581111111111111, "7": 0.7820555555555557, "8": 0.8288333333333334, "9": 0.8111111111111111, "micro": 0.7165}, {"0": 0.807111111111111, "1": 0.8647777777777779, "2": 0.6495, "3": 0.564111111111111, "4": 0.655111111111111, "5": 0.7171666666666667, "6": 0.7422222222222222, "7": 0.8465, "8": 0.7873888888888888, "9": 0.8055555555555556, "micro": 0.7439444444444444}, {"0": 0.8232777777777778, "1": 0.8025, "2": 0.6481111111111111, "3": 0.586111111111111, "4": 0.7767222222222223, "5": 0.6997777777777778, "6": 0.699, "7": 0.8470000000000001, "8": 0.8193333333333334, "9": 0.7603888888888889, "micro": 0.7462222222222223}, {"0": 0.822, "1": 0.7572222222222222, "2": 0.6643888888888888, "3": 0.6478333333333334, "4": 0.7907777777777778, "5": 0.7520555555555555, "6": 0.8345555555555555, "7": 0.8376111111111111, "8": 0.7921111111111111, "9": 0.7892222222222223, "micro": 0.7687777777777778}, {"0": 0.8485555555555556, "1": 0.8873888888888889, "2": 0.7046666666666668, "3": 0.7478888888888888, "4": 0.7919999999999999, "5": 0.7010555555555555, "6": 0.8217222222222222, "7": 0.8278888888888889, "8": 0.8651666666666668, "9": 0.8492222222222223, "micro": 0.8045555555555557}, {"0": 0.8572777777777779, "1": 0.8578333333333333, "2": 0.7357222222222222, "3": 0.6837222222222221, "4": 0.8196111111111111, "5": 0.7806666666666666, "6": 0.8001666666666665, "7": 0.8155555555555556, "8": 0.8752777777777777, "9": 0.8458333333333334, "micro": 0.8071666666666667}, {"0": 0.8270555555555557, "1": 0.8238888888888889, "2": 0.7911666666666667, "3": 0.6810555555555556, "4": 0.7265555555555556, "5": 0.7382777777777778, "6": 0.8496111111111112, "7": 0.8600555555555556, "8": 0.8772777777777778, "9": 0.8950555555555556, "micro": 0.807}, {"0": 0.8625555555555556, "1": 0.8817777777777777, "2": 0.7440555555555556, "3": 0.7188333333333332, "4": 0.6776111111111112, "5": 0.766611111111111, "6": 0.8765, "7": 0.8625555555555555, "8": 0.8723333333333333, "9": 0.8732777777777778, "micro": 0.8136111111111111}, {"0": 0.8546666666666667, "1": 0.8458333333333333, "2": 0.7624444444444445, "3": 0.7043333333333334, "4": 0.8088333333333334, "5": 0.7280555555555556, "6": 0.8963333333333333, "7": 0.8721666666666666, "8": 0.8747777777777777, "9": 0.8631111111111112, "micro": 0.8210555555555555}, {"0": 0.8520000000000001, "1": 0.8859444444444444, "2": 0.7585, "3": 0.7075555555555556, "4": 0.7897777777777778, "5": 0.7484444444444445, "6": 0.8950555555555556, "7": 0.8369999999999999, "8": 0.9022222222222223, "9": 0.8579444444444445, "micro": 0.8234444444444444}, {"0": 0.8546666666666667, "1": 0.8798888888888888, "2": 0.7623333333333333, "3": 0.7166111111111111, "4": 0.8284999999999999, "5": 0.7744444444444445, "6": 0.8674444444444444, "7": 0.8563888888888889, "8": 0.900611111111111, "9": 0.8868888888888888, "micro": 0.8327777777777778}, {"0": 0.8352222222222222, "1": 0.8621666666666665, "2": 0.7719444444444444, "3": 0.7428333333333335, "4": 0.8017222222222222, "5": 0.7785, "6": 0.862111111111111, "7": 0.8477777777777777, "8": 0.9123333333333334, "9": 0.8965, "micro": 0.8311111111111111}, {"0": 0.8627222222222222, "1": 0.8813333333333333, "2": 0.7773333333333332, "3": 0.7270555555555556, "4": 0.8171111111111111, "5": 0.7585555555555556, "6": 0.871611111111111, "7": 0.8695555555555556, "8": 0.9046666666666667, "9": 0.8761666666666666, "micro": 0.8346111111111112}, {"0": 0.8580555555555556, "1": 0.8810555555555557, "2": 0.7540555555555555, "3": 0.7188888888888888, "4": 0.7938888888888889, "5": 0.7904444444444444, "6": 0.873388888888889, "7": 0.8723888888888889, "8": 0.8994444444444444, "9": 0.8967222222222223, "micro": 0.8338333333333332}, {"0": 0.8535555555555556, "1": 0.8887222222222223, "2": 0.7962222222222223, "3": 0.7337222222222222, "4": 0.8084444444444444, "5": 0.778888888888889, "6": 0.8797777777777779, "7": 0.8463333333333334, "8": 0.9002222222222221, "9": 0.8663333333333333, "micro": 0.8352222222222223}, {"0": 0.8415555555555556, "1": 0.8867222222222222, "2": 0.7927222222222222, "3": 0.7351666666666666, "4": 0.8044444444444444, "5": 0.7497222222222222, "6": 0.8790555555555556, "7": 0.8412777777777777, "8": 0.915111111111111, "9": 0.8786666666666667, "micro": 0.8324444444444443}, {"0": 0.8281666666666667, "1": 0.8963333333333333, "2": 0.7765555555555557, "3": 0.7440555555555556, "4": 0.7825555555555556, "5": 0.7894444444444445, "6": 0.8706111111111112, "7": 0.864, "8": 0.9047777777777778, "9": 0.8823888888888889, "micro": 0.8338888888888889}, {"0": 0.8553888888888889, "1": 0.8849444444444445, "2": 0.7932222222222222, "3": 0.7303888888888889, "4": 0.8115, "5": 0.7645, "6": 0.8655, "7": 0.8654999999999999, "8": 0.9053888888888888, "9": 0.8786666666666667, "micro": 0.8354999999999999}, {"0": 0.8688888888888888, "1": 0.8781111111111111, "2": 0.7722222222222221, "3": 0.7478333333333332, "4": 0.8160555555555555, "5": 0.7588333333333332, "6": 0.8888888888888888, "7": 0.8496111111111111, "8": 0.8892222222222222, "9": 0.8864444444444444, "micro": 0.8356111111111111}]}}