{"args": {"use_cuda": true, "train_batch_size": 256, "test_batch_size": 128, "lr": 0.001, "gamma": 0.2, "start_epoch": 1, "num_epochs": 50, "init_type": null, "pooling_type": "max", "dropout_type": "spatial", "dropout_p": 0.5, "patience": 10, "tolerance": -0.0001, "do_train": true, "load_model": false, "model_name": "pool_max_and_average", "save_checkpoints": true, "save_model": true}, "metrics": {"train_time": 77.08085036277771, "train_loss": [1.7843201811216316, 1.4726190542688176, 1.350149039711271, 1.254200030346306, 1.1869767271742528, 1.112822255917958, 1.0528772354734188, 1.0032947744641985, 0.95677876806989, 0.9093860323940005, 0.7948070892265865, 0.7669731956355426, 0.7490787071232893, 0.7327991398621578, 0.7193333911044257, 0.7019607896099285, 0.6913581955797818, 0.6807847494373516], "train_acc": [34.024, 46.782, 51.49, 55.222, 57.514, 60.622, 62.6, 64.538, 66.094, 67.908, 72.152, 72.926, 73.67, 74.208, 74.558, 75.432, 75.698, 75.942], "test_acc": [44.17, 51.95, 52.47, 56.26, 58.42, 59.66, 60.47, 60.98, 61.87, 63.08, 63.74, 64.01, 64.07, 63.68, 64.2, 63.86, 63.65, 64.15], "test_loss": [1.520925521850586, 1.3647596247588532, 1.3233618932434275, 1.2230626985996584, 1.161798112000091, 1.1267761135403114, 1.1051562926437282, 1.086241724370401, 1.0782147125352788, 1.075742984874339, 1.0391787449015846, 1.04305785818945, 1.047431230545044, 1.0580531554886057, 1.0538052365749697, 1.0576897844483582, 1.07362014130701, 1.0711364376394055], "roc_auc": [{"0": 0.7017777777777777, "1": 0.7103888888888888, "2": 0.6058333333333332, "3": 0.523, "4": 0.6588333333333334, "5": 0.7223888888888889, "6": 0.6881666666666667, "7": 0.7339444444444444, "8": 0.7731666666666668, "9": 0.7808333333333333, "micro": 0.6898333333333333}, {"0": 0.7599999999999999, "1": 0.8128888888888889, "2": 0.6567222222222222, "3": 0.6323333333333333, "4": 0.6479444444444444, "5": 0.7012777777777778, "6": 0.7795000000000001, "7": 0.7913888888888889, "8": 0.8017777777777778, "9": 0.7467222222222223, "micro": 0.7330555555555555}, {"0": 0.7619444444444445, "1": 0.7906666666666666, "2": 0.6493888888888889, "3": 0.6062222222222222, "4": 0.7517777777777778, "5": 0.6644444444444444, "6": 0.7686666666666666, "7": 0.7880555555555555, "8": 0.798611111111111, "9": 0.7796666666666666, "micro": 0.7359444444444445}, {"0": 0.8082777777777779, "1": 0.8348888888888888, "2": 0.6689444444444445, "3": 0.642888888888889, "4": 0.7282222222222222, "5": 0.6866666666666666, "6": 0.7910555555555555, "7": 0.817111111111111, "8": 0.8304444444444443, "9": 0.7614999999999998, "micro": 0.757}, {"0": 0.8165555555555555, "1": 0.8349444444444445, "2": 0.6826111111111111, "3": 0.6487777777777778, "4": 0.7343888888888889, "5": 0.7252777777777778, "6": 0.7999999999999999, "7": 0.7992222222222223, "8": 0.8425555555555556, "9": 0.8056666666666666, "micro": 0.769}, {"0": 0.8071111111111111, "1": 0.864611111111111, "2": 0.6806666666666666, "3": 0.6698333333333333, "4": 0.7454444444444445, "5": 0.72, "6": 0.8141666666666666, "7": 0.8052222222222222, "8": 0.8527777777777777, "9": 0.7990555555555555, "micro": 0.775888888888889}, {"0": 0.8429444444444445, "1": 0.8212222222222223, "2": 0.7201666666666667, "3": 0.6969444444444445, "4": 0.6952222222222222, "5": 0.6969444444444445, "6": 0.8386111111111111, "7": 0.8166111111111112, "8": 0.8463333333333334, "9": 0.828888888888889, "micro": 0.7803888888888889}, {"0": 0.8227222222222222, "1": 0.8149444444444445, "2": 0.6986111111111111, "3": 0.6766666666666666, "4": 0.7171666666666666, "5": 0.7384444444444445, "6": 0.851388888888889, "7": 0.8253888888888887, "8": 0.8493333333333333, "9": 0.8375555555555556, "micro": 0.7832222222222222}, {"0": 0.8033888888888889, "1": 0.850611111111111, "2": 0.7265555555555556, "3": 0.7047777777777778, "4": 0.7316666666666667, "5": 0.7301666666666667, "6": 0.8528888888888889, "7": 0.8288333333333333, "8": 0.8459444444444445, "9": 0.8068333333333333, "micro": 0.7881666666666667}, {"0": 0.8305555555555555, "1": 0.8651666666666666, "2": 0.7256111111111111, "3": 0.684888888888889, "4": 0.7601111111111111, "5": 0.7407777777777779, "6": 0.8490555555555556, "7": 0.8176666666666667, "8": 0.8406666666666667, "9": 0.8343888888888888, "micro": 0.7948888888888889}, {"0": 0.8325555555555555, "1": 0.8606666666666667, "2": 0.7395555555555556, "3": 0.6794444444444444, "4": 0.7479444444444445, "5": 0.7601111111111111, "6": 0.8407777777777777, "7": 0.8474444444444444, "8": 0.8603888888888889, "9": 0.8166666666666668, "micro": 0.7985555555555555}, {"0": 0.8215555555555555, "1": 0.8321666666666666, "2": 0.7486666666666667, "3": 0.7052777777777777, "4": 0.7629444444444444, "5": 0.7518888888888889, "6": 0.8232222222222222, "7": 0.8510555555555556, "8": 0.8659444444444444, "9": 0.8378333333333333, "micro": 0.8000555555555555}, {"0": 0.8342777777777778, "1": 0.8568888888888889, "2": 0.7511666666666666, "3": 0.7063333333333334, "4": 0.7516111111111111, "5": 0.7332777777777778, "6": 0.8463888888888887, "7": 0.8459444444444445, "8": 0.8662222222222222, "9": 0.8117777777777778, "micro": 0.8003888888888889}, {"0": 0.8486111111111111, "1": 0.8518333333333334, "2": 0.7429444444444444, "3": 0.6633888888888889, "4": 0.739, "5": 0.761, "6": 0.8413333333333334, "7": 0.8476666666666668, "8": 0.8438888888888888, "9": 0.8425555555555555, "micro": 0.7982222222222222}, {"0": 0.8352222222222221, "1": 0.8622777777777778, "2": 0.7479444444444445, "3": 0.6894444444444444, "4": 0.7513333333333333, "5": 0.7347222222222222, "6": 0.8494444444444444, "7": 0.8577777777777778, "8": 0.8675, "9": 0.8154444444444446, "micro": 0.801111111111111}, {"0": 0.8304444444444444, "1": 0.8558888888888889, "2": 0.7461666666666668, "3": 0.6956666666666667, "4": 0.7426666666666668, "5": 0.7442222222222222, "6": 0.8469444444444444, "7": 0.8402222222222222, "8": 0.8625555555555555, "9": 0.8274444444444444, "micro": 0.7992222222222222}, {"0": 0.830111111111111, "1": 0.8307777777777778, "2": 0.7286111111111111, "3": 0.7058333333333333, "4": 0.7387777777777778, "5": 0.7575555555555555, "6": 0.8286111111111111, "7": 0.8424444444444444, "8": 0.8717777777777777, "9": 0.8460555555555554, "micro": 0.7980555555555555}, {"0": 0.8338333333333333, "1": 0.8486111111111111, "2": 0.7285555555555556, "3": 0.6944999999999999, "4": 0.7659444444444444, "5": 0.7493333333333333, "6": 0.8326111111111111, "7": 0.8593333333333333, "8": 0.8636666666666668, "9": 0.8319444444444444, "micro": 0.8008333333333333}]}}