{"args": {"use_cuda": true, "train_batch_size": 256, "test_batch_size": 128, "lr": 0.001, "gamma": 0.2, "start_epoch": 1, "num_epochs": 50, "init_type": null, "pooling_type": "average", "dropout_type": "spatial", "dropout_p": 0.5, "patience": 10, "tolerance": -0.0001, "do_train": true, "load_model": false, "model_name": "pool_average", "save_checkpoints": true, "save_model": true}, "metrics": {"train_time": 141.61373138427734, "train_loss": [1.8208936252156083, 1.5258164442315394, 1.4080107510089874, 1.3272942255954354, 1.2746534195481514, 1.207888418922619, 1.1569838052501484, 1.110819734176811, 1.0645330739872796, 1.0189241845997012, 0.9332971210990634, 0.9146567391497749, 0.9012501346213477, 0.8863874616063371, 0.8761312046221325, 0.8636922225051996, 0.8542000465855306, 0.8445067986541864, 0.8338392921248261, 0.8246860501109338, 0.8002780727585967, 0.7955059244924662, 0.7926280507627799, 0.7901271006890705, 0.7882135434418308, 0.7855914916310992, 0.7826662090968113, 0.7797078690966781, 0.7791412062182719, 0.7776227581257723, 0.7740973967070482, 0.7711475573632182, 0.76997480617494], "train_acc": [32.182, 44.46, 48.946, 52.132, 54.436, 56.722, 58.588, 60.502, 62.014, 63.862, 66.98, 67.654, 68.252, 68.594, 68.992, 69.54, 69.71, 70.226, 70.564, 70.844, 71.616, 71.924, 72.024, 72.232, 72.336, 72.356, 72.452, 72.594, 72.638, 72.72, 72.94, 72.938, 73.024], "test_acc": [41.9, 48.73, 51.81, 53.49, 56.05, 56.66, 59.01, 58.69, 61.43, 61.46, 63.39, 63.75, 63.9, 63.83, 64.27, 63.96, 63.83, 64.42, 64.66, 64.43, 65.08, 64.93, 65.04, 65.06, 64.99, 64.99, 65.29, 65.29, 65.32, 65.2, 65.24, 65.21, 65.15], "test_loss": [1.5804421433919593, 1.4177826280835308, 1.3355484702919103, 1.295971678782113, 1.2215685602984852, 1.2037826052194909, 1.1516479480115673, 1.1418142243276668, 1.0978527793401405, 1.0761647662029992, 1.0295774755598623, 1.0176883158804495, 1.0155442892750608, 1.0193844007540354, 1.0082714806629132, 1.0091241039807284, 1.0120261002190505, 1.0046311118934728, 0.9993127426014671, 1.0023667223845856, 0.9910231572163256, 0.9918089448651181, 0.992771881290629, 0.9902575853504713, 0.9888892656640161, 0.9914718443834329, 0.990253971347326, 0.990797680390032, 0.989011300515525, 0.9920344594158704, 0.98926066371459, 0.9889883587631998, 0.9896591011481949], "roc_auc": [{"0": 0.6947777777777778, "1": 0.6776666666666668, "2": 0.5739444444444445, "3": 0.5546111111111112, "4": 0.6418333333333334, "5": 0.7249999999999999, "6": 0.6611666666666667, "7": 0.7225555555555555, "8": 0.7635, "9": 0.7571666666666667, "micro": 0.6772222222222222}, {"0": 0.7609444444444444, "1": 0.8097222222222221, "2": 0.6323333333333333, "3": 0.6146111111111111, "4": 0.6369444444444444, "5": 0.6995555555555556, "6": 0.7266111111111111, "7": 0.7623888888888889, "8": 0.7913888888888888, "9": 0.7171666666666668, "micro": 0.7151666666666667}, {"0": 0.7617222222222222, "1": 0.8208333333333333, "2": 0.6529999999999999, "3": 0.5994444444444444, "4": 0.7176111111111111, "5": 0.6853888888888888, "6": 0.7618333333333333, "7": 0.7809444444444444, "8": 0.7957222222222223, "9": 0.7462777777777778, "micro": 0.7322777777777779}, {"0": 0.7946666666666666, "1": 0.8010555555555555, "2": 0.6794444444444444, "3": 0.6399444444444444, "4": 0.6866111111111111, "5": 0.6761666666666667, "6": 0.7984444444444444, "7": 0.7895555555555556, "8": 0.8201666666666667, "9": 0.7300555555555557, "micro": 0.741611111111111}, {"0": 0.8069444444444446, "1": 0.8204444444444445, "2": 0.698388888888889, "3": 0.6787222222222222, "4": 0.6896666666666668, "5": 0.7000555555555555, "6": 0.7740555555555556, "7": 0.7736666666666666, "8": 0.8191666666666668, "9": 0.7972222222222223, "micro": 0.7558333333333334}, {"0": 0.8041111111111111, "1": 0.8075555555555556, "2": 0.7063888888888888, "3": 0.6571666666666667, "4": 0.7151666666666667, "5": 0.7033333333333333, "6": 0.7248888888888888, "7": 0.8194444444444444, "8": 0.8443888888888887, "9": 0.8097777777777777, "micro": 0.7592222222222222}, {"0": 0.8191666666666668, "1": 0.8131111111111111, "2": 0.6956666666666667, "3": 0.6941111111111111, "4": 0.7057777777777778, "5": 0.7171111111111111, "6": 0.800888888888889, "7": 0.7939444444444443, "8": 0.858111111111111, "9": 0.8248888888888889, "micro": 0.7722777777777778}, {"0": 0.8017222222222223, "1": 0.8296666666666666, "2": 0.6711666666666667, "3": 0.6622222222222222, "4": 0.6517222222222223, "5": 0.7292222222222223, "6": 0.8654444444444445, "7": 0.7877777777777777, "8": 0.8702222222222222, "9": 0.8358333333333333, "micro": 0.7705}, {"0": 0.8196666666666667, "1": 0.8512222222222223, "2": 0.721611111111111, "3": 0.6683888888888889, "4": 0.7285555555555555, "5": 0.7467222222222223, "6": 0.8576666666666667, "7": 0.8205, "8": 0.837, "9": 0.805888888888889, "micro": 0.7857222222222222}, {"0": 0.8210555555555556, "1": 0.8501666666666667, "2": 0.6678333333333333, "3": 0.708111111111111, "4": 0.7551666666666667, "5": 0.7189444444444445, "6": 0.8304444444444445, "7": 0.807, "8": 0.8602222222222222, "9": 0.8399444444444444, "micro": 0.7858888888888889}, {"0": 0.8370000000000001, "1": 0.8405555555555556, "2": 0.7218888888888889, "3": 0.677111111111111, "4": 0.7418333333333333, "5": 0.7587777777777778, "6": 0.8458888888888889, "7": 0.8341666666666666, "8": 0.8721666666666666, "9": 0.8367222222222221, "micro": 0.7966111111111112}, {"0": 0.8289444444444445, "1": 0.8458333333333334, "2": 0.7325, "3": 0.6815, "4": 0.7469999999999999, "5": 0.7628888888888888, "6": 0.8403333333333333, "7": 0.8431111111111111, "8": 0.8627222222222223, "9": 0.8412777777777778, "micro": 0.798611111111111}, {"0": 0.8433333333333333, "1": 0.8566111111111112, "2": 0.7287777777777779, "3": 0.6873333333333332, "4": 0.7483333333333334, "5": 0.7369444444444445, "6": 0.8583888888888889, "7": 0.8482777777777778, "8": 0.8614444444444446, "9": 0.8250000000000001, "micro": 0.7994444444444444}, {"0": 0.8407777777777778, "1": 0.8417222222222223, "2": 0.7286111111111111, "3": 0.6631111111111111, "4": 0.7400555555555557, "5": 0.7720555555555556, "6": 0.8471111111111111, "7": 0.8386111111111112, "8": 0.8728333333333333, "9": 0.8456666666666667, "micro": 0.7990555555555555}, {"0": 0.8338333333333333, "1": 0.8693333333333334, "2": 0.727, "3": 0.6854444444444444, "4": 0.7581111111111111, "5": 0.7376666666666667, "6": 0.8512222222222222, "7": 0.8589999999999999, "8": 0.8750555555555556, "9": 0.8183333333333334, "micro": 0.8015}, {"0": 0.8288888888888888, "1": 0.8600555555555556, "2": 0.7358888888888889, "3": 0.6835, "4": 0.7521111111111111, "5": 0.7356111111111112, "6": 0.8633888888888889, "7": 0.8246666666666668, "8": 0.8775, "9": 0.8361666666666667, "micro": 0.7997777777777777}, {"0": 0.829, "1": 0.844111111111111, "2": 0.7336111111111111, "3": 0.6902777777777779, "4": 0.7266666666666667, "5": 0.7702222222222221, "6": 0.8369999999999999, "7": 0.833388888888889, "8": 0.8806111111111111, "9": 0.8456666666666668, "micro": 0.7990555555555555}, {"0": 0.8478333333333332, "1": 0.8580555555555557, "2": 0.7351111111111112, "3": 0.6877222222222222, "4": 0.7498333333333334, "5": 0.7428888888888889, "6": 0.8486111111111111, "7": 0.8554444444444443, "8": 0.8645555555555556, "9": 0.8332777777777778, "micro": 0.8023333333333333}, {"0": 0.8393888888888889, "1": 0.8553333333333333, "2": 0.7362222222222223, "3": 0.6852777777777778, "4": 0.7669999999999999, "5": 0.7461666666666668, "6": 0.8622222222222221, "7": 0.8439999999999999, "8": 0.8794444444444445, "9": 0.8216111111111111, "micro": 0.8036666666666665}, {"0": 0.8333888888888887, "1": 0.8611666666666666, "2": 0.726111111111111, "3": 0.707388888888889, "4": 0.7812777777777778, "5": 0.732111111111111, "6": 0.8463888888888889, "7": 0.8376111111111111, "8": 0.8741111111111111, "9": 0.8243333333333333, "micro": 0.8023888888888888}, {"0": 0.8464444444444444, "1": 0.861, "2": 0.7375555555555555, "3": 0.6927777777777778, "4": 0.7615, "5": 0.7535555555555556, "6": 0.8516111111111112, "7": 0.8429999999999999, "8": 0.8787222222222222, "9": 0.8338333333333333,