{"args": {"use_cuda": true, "train_batch_size": 256, "test_batch_size": 128, "lr": 0.001, "gamma": 0.2, "start_epoch": 1, "num_epochs": 50, "init_type": null, "pooling_type": "max", "dropout_type": "spatial", "dropout_p": 0.5, "patience": 10, "tolerance": -0.0001, "do_train": true, "load_model": false, "model_name": "pool_spatialPyramid", "save_checkpoints": true, "save_model": true}, "metrics": {"train_time": 128.0418405532837, "train_loss": [1.6110279389790125, 1.2299745350467914, 1.0757918068949057, 0.9802359382108766, 0.9134586508176765, 0.862874257929471, 0.8109393110688852, 0.7770850314777724, 0.739468232405429, 0.7059200901766213, 0.6133321138973139, 0.5974580689656491, 0.5859168790736977, 0.5755419677921704, 0.5664222685962307, 0.5638274007609912, 0.5527207434785609, 0.5454481414386204, 0.5359778360140567, 0.5263254704828165, 0.5044538722354539, 0.49929140371327496, 0.4992271319639926, 0.49921053298273865, 0.4922303361247997, 0.49616302914765414, 0.49317220872154044, 0.4906998095767839, 0.4896292636285023, 0.4879911453748236], "train_acc": [40.982, 56.162, 61.8, 65.418, 67.814, 69.718, 71.614, 72.612, 73.822, 75.216, 78.43, 78.976, 79.374, 79.678, 80.082, 80.288, 80.59, 80.882, 81.14, 81.51, 82.234, 82.632, 82.57, 82.616, 82.662, 82.622, 82.812, 82.74, 82.912, 82.952], "test_acc": [52.7, 61.35, 63.74, 66.33, 66.44, 69.19, 71.09, 70.87, 71.96, 72.19, 74.11, 74.37, 74.19, 74.44, 74.4, 74.49, 74.61, 74.74, 74.65, 74.7, 75.18, 75.02, 75.1, 74.95, 75.01, 75.14, 75.11, 75.11, 75.23, 75.35], "test_loss": [1.3234234776677964, 1.093559417543532, 1.013684215424936, 0.9666188781774496, 0.949614500697655, 0.8696869392938251, 0.8258592433567289, 0.8293513036981414, 0.8161665782143798, 0.804262875756131, 0.7454778363433066, 0.7402511420129221, 0.7396078283273722, 0.7361792718307881, 0.7402795583386964, 0.7344686834118034, 0.7309323941605, 0.7412061095237732, 0.7299185606497752, 0.7399800046335293, 0.726759510326989, 0.7304534659355502, 0.727853925922249, 0.7248727471768102, 0.7310349107543125, 0.7274734166604054, 0.7287137693242182, 0.725213989426818, 0.727850737450998, 0.728361540202853], "roc_auc": [{"0": 0.7286666666666667, "1": 0.8067222222222222, "2": 0.616111111111111, "3": 0.6067222222222223, "4": 0.6677777777777779, "5": 0.7696666666666666, "6": 0.8267222222222221, "7": 0.7836666666666666, "8": 0.7822222222222223, "9": 0.7839444444444444, "micro": 0.7372222222222222}, {"0": 0.821, "1": 0.8505, "2": 0.6653333333333332, "3": 0.6970555555555557, "4": 0.7471666666666666, "5": 0.6967777777777777, "6": 0.8338888888888888, "7": 0.8334444444444444, "8": 0.8351111111111111, "9": 0.8725, "micro": 0.7852777777777779}, {"0": 0.8388888888888889, "1": 0.8468333333333333, "2": 0.7781111111111112, "3": 0.7020555555555555, "4": 0.7131111111111111, "5": 0.7174444444444444, "6": 0.8232222222222223, "7": 0.8231666666666667, "8": 0.8869444444444444, "9": 0.8557777777777777, "micro": 0.7985555555555555}, {"0": 0.856, "1": 0.9125, "2": 0.7325, "3": 0.6820555555555555, "4": 0.7962222222222223, "5": 0.7512222222222222, "6": 0.8258888888888889, "7": 0.8493333333333333, "8": 0.8792777777777778, "9": 0.8444444444444444, "micro": 0.8129444444444445}, {"0": 0.868388888888889, "1": 0.8645, "2": 0.7939444444444445, "3": 0.7227222222222223, "4": 0.7023333333333334, "5": 0.7018888888888889, "6": 0.8888333333333333, "7": 0.8276666666666666, "8": 0.9077777777777777, "9": 0.8575, "micro": 0.8135555555555556}, {"0": 0.8396111111111111, "1": 0.9043333333333333, "2": 0.7593888888888889, "3": 0.7125555555555555, "4": 0.7851111111111111, "5": 0.8176666666666665, "6": 0.8505555555555556, "7": 0.853111111111111, "8": 0.881388888888889, "9": 0.884611111111111, "micro": 0.8288333333333333}, {"0": 0.8604999999999999, "1": 0.9119444444444444, "2": 0.7748333333333333, "3": 0.75, "4": 0.7852777777777777, "5": 0.7728888888888887, "6": 0.8975555555555556, "7": 0.8451111111111111, "8": 0.9161111111111112, "9": 0.8796666666666667, "micro": 0.8393888888888889}, {"0": 0.8556111111111112, "1": 0.8983333333333333, "2": 0.7844444444444444, "3": 0.7042222222222222, "4": 0.8003888888888888, "5": 0.7595555555555557, "6": 0.9104444444444444, "7": 0.8589444444444444, "8": 0.9168333333333333, "9": 0.8928888888888888, "micro": 0.8381666666666666}, {"0": 0.8580555555555556, "1": 0.9212777777777779, "2": 0.762888888888889, "3": 0.7419444444444445, "4": 0.7981666666666667, "5": 0.7744444444444445, "6": 0.9086666666666666, "7": 0.8772777777777777, "8": 0.8941666666666666, "9": 0.9053333333333333, "micro": 0.8442222222222222}, {"0": 0.8783333333333333, "1": 0.9043333333333333, "2": 0.7990555555555555, "3": 0.7609444444444444, "4": 0.8071111111111111, "5": 0.7856666666666667, "6": 0.8931666666666667, "7": 0.8322222222222223, "8": 0.8976111111111111, "9": 0.8965555555555556, "micro": 0.8455}, {"0": 0.8818333333333334, "1": 0.9252777777777776, "2": 0.8087222222222223, "3": 0.7536666666666667, "4": 0.8275, "5": 0.7884444444444445, "6": 0.8906111111111111, "7": 0.8852777777777777, "8": 0.9165000000000001, "9": 0.8838333333333332, "micro": 0.8561666666666665}, {"0": 0.8845555555555555, "1": 0.9149444444444444, "2": 0.7913333333333333, "3": 0.7597222222222223, "4": 0.8419444444444445, "5": 0.7855000000000001, "6": 0.8942777777777778, "7": 0.8812777777777776, "8": 0.9196666666666666, "9": 0.9028888888888887, "micro": 0.8576111111111111}, {"0": 0.8810555555555556, "1": 0.9156666666666666, "2": 0.8137777777777778, "3": 0.7155, "4": 0.8350555555555556, "5": 0.8212222222222222, "6": 0.9018333333333333, "7": 0.8723888888888889, "8": 0.9123333333333333, "9": 0.8972777777777776, "micro": 0.8566111111111111}, {"0": 0.8764444444444446, "1": 0.9102222222222222, "2": 0.7947777777777777, "3": 0.7461111111111112, "4": 0.8401666666666666, "5": 0.8194444444444444, "6": 0.8883333333333334, "7": 0.8837222222222222, "8": 0.9278888888888889, "9": 0.8928888888888888, "micro": 0.8580000000000001}, {"0": 0.8681111111111112, "1": 0.8951111111111112, "2": 0.8172777777777779, "3": 0.7553888888888889, "4": 0.8419444444444445, "5": 0.8032777777777779, "6": 0.8929444444444444, "7": 0.8687222222222222, "8": 0.929611111111111, "9": 0.9053888888888888, "micro": 0.8577777777777778}, {"0": 0.8707222222222223, "1": 0.9263888888888889, "2": 0.7906666666666666, "3": 0.7509444444444444, "4": 0.8375, "5": 0.8167222222222222, "6": 0.894, "7": 0.8812777777777778, "8": 0.9162222222222223, "9": 0.8983333333333333, "micro": 0.8582777777777778}, {"0": 0.8821111111111112, "1": 0.9158333333333333, "2": 0.7998888888888888, "3": 0.7501666666666666, "4": 0.8404444444444444, "5": 0.7946666666666666, "6": 0.8996666666666667, "7": 0.8838333333333335, "8": 0.9221666666666666, "9": 0.9006666666666667, "micro": 0.8589444444444445}, {"0": 0.8837777777777777, "1": 0.9184444444444445, "2": 0.780888888888889, "3": 0.7393333333333334, "4": 0.8568888888888889, "5": 0.8048888888888888, "6": 0.9009444444444444, "7": 0.8833888888888889, "8": 0.9331666666666667, "9": 0.8949444444444445, "micro": 0.8596666666666666}, {"0": 0.8811666666666668, "1": 0.9212777777777778, "2": 0.7946666666666667, "3": 0.7508888888888888, "4": 0.8354444444444443, "5": 0.8180555555555556, "6": 0.8929999999999999, "7": 0.8883888888888889, "8": 0.9099444444444446, "9": 0.8988333333333334, "micro": 0.8591666666666667}, {"0": 0.8767222222222223, "1": 0.9029444444444444, "2": 0.8026666666666668, "3": 0.7494444444444446, "4": 0.8512222222222222, "5": 0.8071111111111111, "6": 0.9124999999999999, "7": 0.8727222222222222, "8": 0.9153333333333333, "9": 0.9037777777777777, "micro": 0.8594444444444445}, {"0": 0.8851111111111112, "1": 0.9167777777777778, "2": 0.8062222222222223, "3": 0.743, "4": 0.8494444444444446, "5": 0.8163888888888888, "6": 0.9029444444444444, "7": 0.8803888888888888, "8": 0.9228888888888888, "9": 0.8979444444444444, "micro": 0.862111111111111}, {"0": 0.8772222222222221, "1": 0.9207222222222222, "2": 0.7989444444444443, "3": 0.7566666666666667, "4": 0.8381111111111111, "5": 0.8058888888888889,