{"args": {"use_cuda": true, "train_batch_size": 256, "test_batch_size": 128, "lr": 0.001, "gamma": 0.2, "start_epoch": 1, "num_epochs": 50, "init_type": null, "pooling_type": "max", "dropout_type": "spatial", "dropout_p": 0.5, "patience": 10, "tolerance": -0.0001, "do_train": true, "load_model": false, "model_name": "pool_only_2_2_max", "save_checkpoints": true, "save_model": true}, "metrics": {"train_time": 86.8427631855011, "train_loss": [1.60676502694889, 1.1899233457385276, 1.0168662934887165, 0.8938836905421043, 0.8066532383767926, 0.7473062173444398, 0.6949876160645971, 0.6422350122308245, 0.5968973165263936, 0.5676657814456492, 0.4527379297176186, 0.42827819515855947, 0.4078750278876752, 0.3954899288257774, 0.3844119237393749, 0.3711679760290652, 0.36358616425066576, 0.3524467868312281, 0.34137420858047446, 0.3325568667936082], "train_acc": [40.842, 57.262, 64.002, 68.582, 71.67, 73.836, 75.53, 77.46, 79.12, 80.036, 84.204, 84.972, 85.72, 86.112, 86.628, 87.078, 87.338, 87.684, 87.938, 88.306], "test_acc": [51.76, 56.15, 66.18, 69.0, 71.19, 71.24, 73.06, 74.97, 74.32, 74.58, 76.81, 77.19, 77.0, 76.95, 77.36, 77.12, 77.55, 77.51, 77.76, 77.55], "test_loss": [1.301898791820188, 1.2705599793904945, 0.9653190585631358, 0.8821181813372841, 0.8338312046437324, 0.8389717265020443, 0.7729121265532095, 0.7287206174452093, 0.7525277515000934, 0.7362890726403345, 0.6921468765675267, 0.6886446457120436, 0.7033176316490656, 0.7013366260106051, 0.6925899050658262, 0.7139470501791073, 0.7041117228284667, 0.7050064606002614, 0.7004658266713347, 0.711587284561954], "roc_auc": [{"0": 0.7009444444444444, "1": 0.7328333333333332, "2": 0.6368333333333333, "3": 0.6443333333333333, "4": 0.6418333333333333, "5": 0.662611111111111, "6": 0.8170000000000001, "7": 0.802, "8": 0.8403888888888889, "9": 0.8412222222222222, "micro": 0.732}, {"0": 0.7732777777777778, "1": 0.8075555555555556, "2": 0.7258888888888889, "3": 0.6268888888888887, "4": 0.7384444444444445, "5": 0.7323333333333333, "6": 0.8447777777777778, "7": 0.7668888888888888, "8": 0.8867777777777778, "9": 0.6610555555555555, "micro": 0.7563888888888889}, {"0": 0.7671666666666667, "1": 0.8855000000000001, "2": 0.7791666666666667, "3": 0.7022222222222222, "4": 0.772111111111111, "5": 0.7511111111111112, "6": 0.8630555555555555, "7": 0.8387777777777776, "8": 0.9148333333333333, "9": 0.8471666666666666, "micro": 0.8121111111111111}, {"0": 0.8683333333333334, "1": 0.9089999999999999, "2": 0.7727222222222222, "3": 0.7462222222222222, "4": 0.7859444444444446, "5": 0.7861666666666667, "6": 0.8678333333333333, "7": 0.8256111111111111, "8": 0.8582222222222222, "9": 0.8577222222222223, "micro": 0.8277777777777777}, {"0": 0.8402777777777777, "1": 0.9030555555555555, "2": 0.7747777777777778, "3": 0.7570555555555556, "4": 0.7789444444444444, "5": 0.7893888888888888, "6": 0.8345, "7": 0.8989444444444444, "8": 0.9103888888888888, "9": 0.9121111111111111, "micro": 0.8399444444444444}, {"0": 0.857, "1": 0.8871111111111112, "2": 0.8219444444444444, "3": 0.7785000000000001, "4": 0.7934444444444444, "5": 0.7651666666666668, "6": 0.8872777777777777, "7": 0.8232222222222222, "8": 0.9178333333333333, "9": 0.8707222222222223, "micro": 0.8402222222222223}, {"0": 0.8846111111111111, "1": 0.9215555555555555, "2": 0.7920555555555556, "3": 0.7581666666666667, "4": 0.8011111111111111, "5": 0.832888888888889, "6": 0.8816111111111111, "7": 0.858, "8": 0.8840555555555557, "9": 0.8892777777777778, "micro": 0.8503333333333333}, {"0": 0.8674444444444446, "1": 0.9235, "2": 0.7932777777777777, "3": 0.7377222222222222, "4": 0.8561111111111112, "5": 0.8281666666666666, "6": 0.9047222222222223, "7": 0.8995, "8": 0.8911111111111111, "9": 0.9078888888888887, "micro": 0.8609444444444445}, {"0": 0.894111111111111, "1": 0.9098333333333333, "2": 0.7921111111111111, "3": 0.7767222222222222, "4": 0.861, "5": 0.7632222222222222, "6": 0.8902777777777778, "7": 0.8975555555555557, "8": 0.923, "9": 0.8654999999999999, "micro": 0.8573333333333333}, {"0": 0.8443888888888889, "1": 0.9123888888888888, "2": 0.832388888888889, "3": 0.781111111111111, "4": 0.8357777777777776, "5": 0.7737222222222222, "6": 0.9189444444444446, "7": 0.8432777777777777, "8": 0.9254444444444445, "9": 0.9203333333333333, "micro": 0.8587777777777779}, {"0": 0.893611111111111, "1": 0.9345, "2": 0.8041111111111111, "3": 0.7552222222222222, "4": 0.8577222222222223, "5": 0.8292222222222222, "6": 0.9202777777777778, "7": 0.8973888888888889, "8": 0.9125, "9": 0.9071111111111111, "micro": 0.8711666666666666}, {"0": 0.8948888888888888, "1": 0.9368888888888889, "2": 0.8306666666666667, "3": 0.7548333333333335, "4": 0.8522222222222222, "5": 0.8162777777777778, "6": 0.9253888888888889, "7": 0.8872777777777778, "8": 0.9248888888888888, "9": 0.9094444444444444, "micro": 0.8732777777777779}, {"0": 0.8861666666666665, "1": 0.9127777777777778, "2": 0.8328333333333333, "3": 0.7588888888888888, "4": 0.8732222222222222, "5": 0.8150000000000001, "6": 0.9074444444444445, "7": 0.8947222222222223, "8": 0.9239999999999999, "9": 0.9171666666666667, "micro": 0.8722222222222222}, {"0": 0.8919444444444444, "1": 0.947388888888889, "2": 0.8110555555555555, "3": 0.7634444444444444, "4": 0.8424999999999999, "5": 0.835, "6": 0.9063333333333333, "7": 0.8952777777777777, "8": 0.9140555555555556, "9": 0.9124444444444445, "micro": 0.8719444444444444}, {"0": 0.8940555555555556, "1": 0.9207777777777777, "2": 0.8224444444444444, "3": 0.7635, "4": 0.8678333333333333, "5": 0.8148333333333333, "6": 0.9166666666666666, "7": 0.9017777777777778, "8": 0.9199444444444445, "9": 0.9203888888888889, "micro": 0.8742222222222222}, {"0": 0.8815555555555555, "1": 0.9202222222222222, "2": 0.8215, "3": 0.7561111111111112, "4": 0.8773333333333334, "5": 0.8128333333333333, "6": 0.931111111111111, "7": 0.8833888888888889, "8": 0.9323333333333333, "9": 0.9125, "micro": 0.8728888888888888}, {"0": 0.8947777777777778, "1": 0.9354444444444445, "2": 0.8023333333333332, "3": 0.794, "4": 0.8742777777777779, "5": 0.8079999999999999, "6": 0.9154444444444445, "7": 0.8907222222222222, "8": 0.9261111111111111, "9": 0.9116666666666665, "micro": 0.8752777777777778}, {"0": 0.8884444444444444, "1": 0.9222777777777778, "2": 0.831111111111111, "3": 0.7681111111111112, "4": 0.8797777777777779, "5": 0.7924444444444445, "6": 0.9180555555555555, "7": 0.9034444444444445, "8": 0.9316666666666665, "9": 0.9152222222222222, "micro": 0.8750555555555557}, {"0": 0.892, "1": 0.9243888888888888, "2": 0.8216111111111111, "3": 0.7795, "4": 0.8662222222222222, "5": 0.8183333333333332, "6": 0.9116666666666665, "7": 0.9031666666666667, "8": 0.9280555555555556, "9": 0.9194999999999999, "micro": 0.8764444444444445}, {"0": 0.9031666666666666, "1": 0.9479999999999998, "2": 0.825388888888889, "3": 0.7527777777777777, "4": 0.8664444444444445, "5": 0.8205555555555556, "6": 0.9128333333333334, "7": 0.8978333333333333, "8": 0.9155000000000001, "9": 0.9102777777777779, "micro": 0.8752777777777778}]}}